Unnamed: 0.1;Unnamed: 0;Educational Year;Country;Region;Location Name;Location Address;Teachers;Completed Date;SKU;Product Name;Product Variation;Category;Email;Phone;Parent Full Name;Parent Last Name;Parent Occupation;Where do you work?(parent);How did you find us?;StudentID;Student Name;Student Age;Student Birthday;Student First Name;Student Gender;Student Preferred Language;Student Current School;Student Experience;Student Diet;Remarks;Address 1&2;Postcode;City;Country Name;Order ID;Payment Method Title;Order Status;Cart Discount Amount;Order Total Amount;Customer Note;Order Number;Order Subtotal Amount;Order Status.1;Order Date;Item Name;Item Quantity;Coupon Code;Number of coupons used;Payment Method Title.1;Payment Method;Item Cost Before Discount;Item Cost;Item Discount Amount;Educational Years;Period;PostCodes
0;0;2022-2023;ES;New Jersey;Contreras, Werner and West | CoderMinds;19892 Harris Mills, Cruzview, DE 60034;Jason Stephens;YYYY-39-DD 18:39:SS;ESNe01-20240312-CC;Workshop;City: North Michaelmouth | Address: 8525 Nicole Mountain, West Brandon, HI 90515;;pcopeland@yahoo.com;519.832.236;Timothy Price;Snyder;Chief Marketing Officer;Smith-Mathews;Online;STDID-1;Joel West;10;2014-03-05;Joel;male;French;Elementary School;Heart laugh officer early soldier the because traditional.;Vegetarian;Teach bring himself smile.;18654 Levine Street Apt. 443, Velasquezborough, GA 77320;53506;North Christopher;Saudi Arabia;985d7321-344a-4de3-99e4-d412e76b0c61;Bank Transfer;Completed;31,61;178;Establish authority what night.;53146;146,39;Completed;YYYY-39-DD 18:39:SS;Workshop;1;cdm23433;0;Credit Card;mollie_wc_gateway_credit_card;1,777,665,156;1,554,252,038;2,234,131,177;;1.0;1011 AA
1;1;2021-2022;DE;Oregon;White Inc | CoderMinds;40846 Hickman Vista, Parrishberg, HI 10101;James Thompson DVM;YYYY-25-DD 04:25:SS;DEOr01-20240221-CC;Spring Break Coder-Camp 2024;City: Port Howardborough | Address: 66375 Andrew Circle, Johnside, MD 07100;;nhardin@nelson-peck.com;1-283-793-3473x499;Joshua Guerra;Foster;Aid worker;Goodwin, Nichols and Chan;Online;STDID-2;Adam Johnson;15;2009-02-18;Adam;male;Dutch;Elementary School;Create find reduce language develop seem various.;;Hit wife mean happen husband executive win.;43458 Spencer Road Suite 764, Mckenzieside, OR 75346;98394;North Jeremiah;Faroe Islands;2164f649-d9f8-4521-ba82-f1d5eaa487ac;iDEAL;Cancelled;49,07;302,67;Actually have deep medical data security hundred economic.;40846;253,6;Cancelled;YYYY-25-DD 04:25:SS;Spring Break Coder-Camp 2024;2;cdm37305;1;iDEAL;mollie_wc_gateway_ideal;1,321,241,534;1,101,206,939;2,200,345,949;18;2.0;1012 AB
2;2;2021-2022;NL;Kentucky;Snyder and Sons | CoderMinds;8487 Barber Motorway, Lake Melanie, PA 04265;Bethany Cantu;YYYY-54-DD 12:54:SS;NLKe01-20231113-CC;Workshop;City: New Courtneyland | Address: 14770 Cox Stream Apt. 316, Port Jessicafurt, DC 03225;;ybenjamin@bell.com;(579)178-2384x441;Robert Fowler;Richards;Conference centre manager;Walker Ltd;Advertisement;STDID-3;Katie Miller;16;2007-09-12;Katie;female;Dutch;Elementary School;Effect south character laugh.;Vegetarian;Everything imagine teacher law shake cut.;545 Jared Causeway Suite 605, Scottland, HI 02935;99274;Justinchester;Somalia;1534ecff-fddd-43c9-9053-c7831bf3e92d;PayPal;Processing;11,48;377,34;Media not ahead data fill stop.;35836;365,86;Processing;YYYY-54-DD 12:54:SS;Workshop;3;cdm51260;0;iDEAL;mollie_wc_gateway_ideal;4,252,655,997;3,846,323,553;4,063,324,444;;3.0;1013 AC
3;3;2023-2024;US;Hawaii;Lopez-Parker | CoderMinds;293 Davis Turnpike, Shawside, OR 18657;Andrew Brown;YYYY-23-DD 20:23:SS;USHa01-20230808-CC;Spring Break Coder-Camp 2024;City: Lukeland | Address: 4138 Sarah Brook, Alexandertown, SC 70716;;justin00@alexander.com;786810344;Kara Johnson;Adams;Nurse, learning disability;Mendoza-Estrada;Word of mouth;STDID-4;Eileen Anderson;13;2010-04-28;Eileen;female;German;High School;Power force become north she why.;Vegan;Protect nearly little act street politics admit.;60392 Jackson Stream Suite 767, Lowechester, SC 25406;38704;West Claire;Chad;b794961b-e793-4168-b077-6aba839e4ee1;Credit Card;Processing;30,49;202,11;Media approach wall career computer.;23732;171,62;Processing;YYYY-23-DD 20:23:SS;Spring Break Coder-Camp 2024;2;cdm30533;0;Credit Card;mollie_wc_gateway_credit_card;2,449,116,049;21,903,766;2,587,394,489;18;4.0;1014 AD
4;4;2023-2024;DE;Tennessee;Morrison, Sharp and Rodgers | CoderMinds;831 Reed Lodge Apt. 753, Michaelport, SD 46209;Mary Davies;YYYY-21-DD 00:21:SS;DETe01-20230927-CC;Spring Break Coder-Camp 2024;City: East Rachelberg | Address: 350 Weiss Coves Suite 721, New Bradleytown, KY 22876;;jgreen@yahoo.com;960-622-5755x92434;Meghan Waters;Reilly;Therapist, drama;Kim PLC;Word of mouth;STDID-5;Mary Daniel;10;2013-12-23;Mary;mostly_female;Spanish;High School;What table point.;Vegetarian;Scene thus change explain his last.;33324 Amanda Fields, Johnborough, GA 79161;55133;Port Kevinmouth;Congo;4d705157-a5ff-42f5-87d9-57b4ea6987b4;PayPal;Completed;24,91;184,55;Long fill inside money high.;98776;159,64;Completed;YYYY-21-DD 00:21:SS;Spring Break Coder-Camp 2024;5;cdm90279;1;PayPal;mollie_wc_gateway_paypal;4,071,402,385;3,873,321,985;1,980,803,995;2010;1.0;1015 AE
5;5;2022-2023;US;Nebraska;Jimenez, Sparks and Garcia | CoderMinds;6805 Becker Mount, Smithfort, RI 25242;Benjamin Armstrong;YYYY-57-DD 10:57:SS;USNe01-20230331-CC;Bright Minds;City: Lake Shannonton | Address: 786 Harding Plaza, New Kelseystad, AK 35041;;john90@gmail.com;718-874-8917x47057;Albert Lozano;Patterson;Therapist, nutritional;Williams and Sons;Word of mouth;STDID-6;Juan Stokes;9;2014-10-20;Juan;male;Dutch;High School;Health idea choice lose.;Vegan;Accept join set product.;141 Allen Drive, New Patrickmouth, KS 06996;88875;Hansenstad;Ecuador;51a36655-218c-43a2-ae3a-e19934915921;Credit Card;Completed;40,74;140,02;For hot yard pattern news land hotel.;54299;99,28;Completed;YYYY-57-DD 10:57:SS;Bright Minds;5;cdm65811;0;iDEAL;mollie_wc_gateway_ideal;4,571,920,165;4,406,300,108;165,620,057;2011-2012;2.0;1016 AF
6;6;2023-2024;US;Colorado;Hooper-Horton | CoderMinds;Unit 0926 Box 1986, DPO AP 44028;Mariah Anderson;YYYY-36-DD 13:36:SS;USCo01-20230930-CC;Spring Break Coder-Camp 2024;City: Port David | Address: 553 Catherine Oval Suite 795, Nealberg, CA 18645;;warestephanie@yahoo.com;001-417-988-0646x8094;Corey Harris;Mccullough;Broadcast engineer;Watson, Tran and King;Online;STDID-7;Natalie Roberts;10;2013-12-21;Natalie;female;English;Middle School;Degree summer system economy.;Gluten-free;Relate discuss certainly none hard.;81543 Stevenson Parkway, South Sheila, SD 07020;75351;Washingtonshire;Mexico;8999f207-2d3f-4b98-9fe2-a44978d19b7e;Bank Transfer;Completed;33,86;376,54;Order serious including our short.;47412;342,68;Completed;YYYY-36-DD 13:36:SS;Spring Break Coder-Camp 2024;4;cdm94198;1;Credit Card;mollie_wc_gateway_credit_card;138,042,646;1,232,209,739;1,482,167,207;17;3.0;1017 AG
7;7;2021-2022;NL;South Dakota;Diaz-Joseph | CoderMinds;813 Lisa Vista, Lake Miranda, MS 79336;Emily Joseph;YYYY-10-DD 12:10:SS;NLSo01-20240102-CC;Regular Course;City: Thomasville | Address: 0773 Nathaniel Point Apt. 582, Martinhaven, NJ 42014;;leepierce@espinoza.com;001-517-504-5909;Sarah Scott;Allen;Advertising art director;Riley-Bailey;Advertisement;STDID-8;Rachel Thomas;7;2016-05-24;Rachel;female;Dutch;Middle School;Look edge policy.;Gluten-free;Data lawyer group garden play help.;75612 Dickerson Estate Apt. 055, Robertberg, NE 72227;90686;West Davidton;Denmark;38296c5e-3aaf-41de-b988-93b0234a52c7;Bank Transfer;Processing;40,47;405,86;List bit unit nor operation.;12057;365,39;Processing;YYYY-10-DD 12:10:SS;Regular Course;1;cdm31887;1;Credit Card;mollie_wc_gateway_credit_card;129,485,727;1,134,710,682;1,601,465,872;;4.0;1018 AH
8;8;2023-2024;NL;Oregon;Love and Sons | CoderMinds;4057 Rogers Garden, Lake Albertview, MN 08381;Adrian Campbell;YYYY-36-DD 23:36:SS;NLOr01-20240107-CC;Regular Course;City: Port Chelseaport | Address: 661 Cox Freeway, Bradleyhaven, RI 00915;;justingomez@gmail.com;N1=+1-45-57-2291;Nicole Sanchez;Roberts;Cytogeneticist;Rice, Reeves and Simpson;Advertisement;STDID-9;Krystal Diaz;5;2018-05-11;Krystal;female;French;Middle School;Natural relationship support understand catch sister.;Vegetarian;Term medical believe write perhaps question although company.;66434 Garza Islands Apt. 118, South Adam, NH 97002;73491;Wallacemouth;Macao;1f5caefa-cbe4-41e8-9675-7ac814cea970;Bank Transfer;Cancelled;37,81;397,21;Administration girl artist political performance.;36151;359,4;Cancelled;YYYY-36-DD 23:36:SS;Regular Course;2;cdm60604;2;iDEAL;mollie_wc_gateway_ideal;1,922,069,879;1,662,306,066;2,597,638,124;2022;1.0;1019 AI
9;9;2023-2024;DE;Oklahoma;Contreras, Kelley and Wood | CoderMinds;8769 Taylor Trafficway Suite 186, Feliciatown, AZ 77679;Daniel Williams;YYYY-38-DD 19:38:SS;DEOk01-20230502-CC;Spring Break Coder-Camp 2024;City: North Heatherport | Address: 0552 Calhoun Loop, North Daniel, DE 97669;;adambass@wheeler.net;001-537-337-2816x91002;Mario Morrison;Wilkins;Best boy;Bailey, Curtis and Smith;Advertisement;STDID-10;Jose Mitchell;15;2009-02-12;Jose;male;English;High School;State read animal sit benefit capital around.;;Present culture surface difficult area artist.;Unit 6702 Box 2574, DPO AE 24179;81552;Timothyburgh;Lesotho;8aeb71b5-2ece-4619-80b8-d76d57d42334;PayPal;Completed;18,95;288,12;Policy chance responsibility fine.;91304;269,17;Completed;YYYY-38-DD 19:38:SS;Spring Break Coder-Camp 2024;3;cdm51048;1;iDEAL;mollie_wc_gateway_ideal;10,972,365;9,151,997,284;1,820,367,719;2018;2.0;1020 AJ
10;10;2022-2023;NL;Virginia;Jimenez, Valenzuela and Berger | CoderMinds;PSC 4051, Box 2764, APO AP 93860;Michael Barnes;YYYY-27-DD 01:27:SS;NLVi01-20230808-CC;Bright Minds;City: Derekstad | Address: 7913 Ashley Club, Maynardville, HI 76754;;cramsey@gmail.com;8090867777;Ethan Odom;West;Television floor manager;Gilbert, Baker and Jones;Word of mouth;STDID-11;Sean Garcia;10;2013-10-03;Sean;male;Dutch;Middle School;Grow soldier let guy.;Vegan;Activity benefit affect allow big what change mean.;505 Wood Views Apt. 997, Christophertown, TX 23528;74958;West Jonathanstad;Timor-Leste;5aafdbe6-9604-46f1-92d9-7caa5052cb70;PayPal;Processing;10,56;444,26;Less set forget occur treat.;65653;433,7;Processing;YYYY-27-DD 01:27:SS;Bright Minds;4;cdm61631;0;PayPal;mollie_wc_gateway_paypal;2,950,271,027;2,570,335,883;3,799,351,446;;3.0;1021 AK
11;11;2021-2022;FR;Idaho;Hart-Quinn | CoderMinds;21726 Jackie Parkways Suite 202, Howardview, AK 97585;Patricia Perkins;YYYY-57-DD 16:57:SS;FRId01-20240119-CC;Bright Minds;City: Allisonside | Address: 33001 Gregory Islands, Chenville, DC 36420;;joshua44@yahoo.com;001-875-024-0387x4015;Holly Lee;Turner;Engineer, production;Tran Group;Online;STDID-12;Francisco Madden;14;2010-02-03;Francisco;male;English;High School;Which serve partner return suffer plant begin standard.;Gluten-free;Road school another too.;3649 Lindsay Manors Suite 842, New Andre, MT 38430;15166;Clarkside;Antarctica (the territory South of 60 deg S);7326c2d5-f6a0-426f-a5f2-72c0cd72a3b6;Credit Card;Cancelled;27,5;493,08;Personal bar performance hour light choose.;14805;465,58;Cancelled;YYYY-57-DD 16:57:SS;Bright Minds;2;cdm36508;0;PayPal;mollie_wc_gateway_paypal;1,558,095,402;1,395,483,039;162,612,363;2014-2015;4.0;1022 AL
12;12;2023-2024;ES;Texas;Thomas Inc | CoderMinds;11816 Jeanette Summit Suite 807, East Lisabury, CO 94104;Stephanie Monroe;YYYY-33-DD 06:33:SS;ESTe01-20230326-CC;Spring Break Coder-Camp 2024;City: Port Clairemouth | Address: 8917 David Junction Suite 930, Randolphbury, NM 49040;;kjohnson@hotmail.com;001-414-350-1107;Elizabeth Dixon;Becker;Architectural technologist;Robinson-Todd;Online;STDID-13;Amanda Horton;7;2017-01-02;Amanda;female;Dutch;Middle School;How fire hot win.;Vegetarian;Main program lot.;033 Salinas Route Suite 671, East Jennifer, WV 99792;44852;Lake Rebecca;Martinique;340efb16-a3c7-44db-9ba0-4f26d2578fc2;iDEAL;Processing;22,2;444,17;Occur mouth time type fear girl.;36435;421,97;Processing;YYYY-33-DD 06:33:SS;Spring Break Coder-Camp 2024;5;cdm35430;0;PayPal;mollie_wc_gateway_paypal;4,130,887,928;3,534,527,169;5,963,607,587;2018;4.0;1023 AM
13;13;2022-2023;NL;Michigan;Mora Group | CoderMinds;964 Atkinson Brook Apt. 742, North Justin, MT 72298;Willie Rogers;YYYY-47-DD 23:47:SS;NLMi01-20230623-CC;Regular Course;City: North Jacobton | Address: 175 Russell Land Suite 355, Kathyshire, ND 98006;;bcampbell@gmail.com;492-161-1756x96102;Ronald Richardson;Andrews;Amenity horticulturist;Torres PLC;Word of mouth;STDID-14;Mia Williams;12;2011-11-29;Mia;female;English;High School;On food what control memory ask fact.;Vegan;Modern human public effect cultural see whatever.;227 Jessica Squares, Port Frank, ND 95873;48885;Brittanyberg;Reunion;509c6716-045b-498e-a6e6-259f22cbeea9;Bank Transfer;Completed;39,34;409,44;Possible education participant yard skin ask listen full.;67066;370,1;Completed;YYYY-47-DD 23:47:SS;Regular Course;1;cdm96867;0;Credit Card;mollie_wc_gateway_credit_card;243,092,971;2,300,858,722;1,300,709,884;2020-2021;4.0;1024 AN
14;14;2021-2022;US;Tennessee;Scott-Young | CoderMinds;387 Rebecca Springs, Bensonstad, WI 66817;Leslie Bradley;YYYY-32-DD 03:32:SS;USTe01-20230702-CC;Workshop;City: Cynthiafurt | Address: 891 Amanda Overpass Suite 804, Lake Brandon, NH 98985;;rlopez@mitchell-stevenson.net;5960068251;Megan Smith;Curtis;Scientific laboratory technician;Vazquez-Gomez;Online;STDID-15;Adrian Castro;15;2008-08-13;Adrian;male;French;High School;Minute race left fly partner ahead sing.;;Door huge avoid other might century establish anyone.;63942 Griffin Harbor, West Heatherport, NV 68890;20005;Jonesbury;Guatemala;69d735d1-5973-46f1-8623-f9229ca1db81;PayPal;Cancelled;47,39;289,06;It event guess ago listen garden.;5663;241,67;Cancelled;YYYY-32-DD 03:32:SS;Workshop;4;cdm98060;2;PayPal;mollie_wc_gateway_paypal;193,721,429;1,734,085,758;2,031,285,319;2014-2015;3.0;1025 AO
15;15;2023-2024;US;Rhode Island;Myers-Garcia | CoderMinds;37075 Torres Mount Apt. 833, East Stephanie, MN 31633;Alexander Young;YYYY-12-DD 22:12:SS;USRh01-20230710-CC;Workshop;City: Garyton | Address: 558 Simon Lake, Wallaceport, NJ 84155;;michael17@gmail.com;900-003-9967x981;Matthew Vazquez;Rogers;Amenity horticulturist;Wilson, Miller and Lewis;Advertisement;STDID-16;Michelle Johnson;15;2008-11-05;Michelle;female;German;Middle School;Fish street score list exactly thing recognize ask.;Gluten-free;Phone leave bad case better her.;222 Lane Freeway, Lake Alison, OK 85017;55358;North Ashley;Bulgaria;e67b0896-03b8-4e40-8398-33c6622bb4c1;PayPal;Cancelled;44,69;463,31;Husband hold free.;49054;418,62;Cancelled;YYYY-12-DD 22:12:SS;Workshop;5;cdm50963;1;PayPal;mollie_wc_gateway_paypal;214,159,719;1,848,438,183;2,931,590,062;2013;2.0;1026 AP
16;16;2023-2024;DE;Wyoming;Moreno PLC | CoderMinds;33857 Alexis Viaduct, Foxstad, CA 68740;James Morrison;YYYY-53-DD 09:53:SS;DEWy01-20230624-CC;Spring Break Coder-Camp 2024;City: South Edward | Address: 89773 Brian Bypass, West Tylerstad, GA 92013;;samanthajones@gmail.com;960.091.7563x60724;Mark Chandler;Mcdonald;Adult guidance worker;Johns Group;Advertisement;STDID-17;Johnny Foster;13;2010-07-13;Johnny;male;Spanish;High School;While population attack present stock mission.;Vegan;Social social you form.;PSC 2334, Box 1528, APO AA 74607;29652;Port Jake;South Georgia and the South Sandwich Islands;dd5e97e4-8e4a-4111-abe1-222845c5c58c;Credit Card;Completed;5,78;358,05;Capital suggest teach.;181;352,27;Completed;YYYY-53-DD 09:53:SS;Spring Break Coder-Camp 2024;3;cdm89991;1;Credit Card;mollie_wc_gateway_credit_card;1,821,350,378;1,546,056,928;27,529,345;2017;1.0;1027 AQ
17;17;2023-2024;US;Mississippi;Brooks Ltd | CoderMinds;65257 Chelsea Cove Suite 191, North Keith, WA 97478;William Franco;YYYY-20-DD 04:20:SS;USMi01-20231023-CC;Spring Break Coder-Camp 2024;City: Robinville | Address: 371 Jacqueline Forges, Jenniferchester, NY 38264;;nelsonmolly@perry.biz;001-266-528-0756x35322;Kelly White;Hall;Banker;Lane-York;Word of mouth;STDID-18;David Dunn;18;2005-04-07;David;male;Spanish;Elementary School;Success among yeah range although hospital stuff.;Vegetarian;Guy heart actually.;3576 Steele Creek, Leestad, AL 75092;73711;Brownfurt;Mexico;d32e9054-1af5-4f2c-b23c-6cb1c1720f84;iDEAL;Completed;16,33;244,7;Authority receive can society event.;21376;228,37;Completed;YYYY-20-DD 04:20:SS;Spring Break Coder-Camp 2024;4;cdm61293;0;iDEAL;mollie_wc_gateway_ideal;1,634,172,748;1,316,946,248;3,172,264,998;;2.0;1028 AR
18;18;2023-2024;DE;Tennessee;Peterson-Evans | CoderMinds;50072 Darlene Ferry, Vickieport, NJ 91564;Mr. Mark Castaneda DVM;YYYY-27-DD 01:27:SS;DETe01-20240114-CC;Bright Minds;City: Antoniofurt | Address: 65038 Brown Summit, Port Lauraburgh, NV 33369;;qlynch@hotmail.com;(043)405-6230x9555;David Campbell;Lawson;Chartered public finance accountant;Roberts, Walker and Vance;Online;STDID-19;Julie Jones;14;2009-05-02;Julie;female;English;Middle School;Health public three senior.;Vegetarian;Property news few.;54099 Li Turnpike Apt. 139, North Chad, UT 38653;95814;South David;Cuba;6bd2f633-209e-49a2-aaa0-c915ba2e7e91;Bank Transfer;Completed;11,29;240,96;Indeed college radio much forward fast.;72032;229,67;Completed;YYYY-27-DD 01:27:SS;Bright Minds;5;cdm83169;0;Credit Card;mollie_wc_gateway_credit_card;2,528,656,748;2,138,086,425;390,570,323;2021;2.0;1029 AS
19;19;2022-2023;DE;Maine;Johnson, Crawford and Hardin | CoderMinds;USNV Griffin, FPO AA 90430;Sandra Cox;YYYY-45-DD 12:45:SS;DEMa01-20230907-CC;Workshop;City: North David | Address: 45222 Rodriguez Station Apt. 729, Thomastown, MI 96225;;debraoconnor@harris.com;5164741191;Susan Jackson;Hardy;Warden/ranger;Jones and Sons;Word of mouth;STDID-20;Lori Taylor;7;2016-11-14;Lori;female;Dutch;High School;Run than individual various tell call.;Vegetarian;Attorney large six per.;447 Bailey Gardens Apt. 459, Heatherbury, ME 83680;32180;Brentside;Czech Republic;98adbd7f-5795-4997-8d3d-c501aae567c0;Credit Card;Processing;7,09;240,11;Own bill benefit national across.;20830;233,02;Processing;YYYY-45-DD 12:45:SS;Workshop;1;cdm31508;0;PayPal;mollie_wc_gateway_paypal;3,903,296,981;3,265,589,599;6,377,073,824;2012-2014;3.0;1030 AT
20;20;2023-2024;ES;New Hampshire;Coleman, Mann and Perez | CoderMinds;5028 Curry Rue, Paulaport, WI 52500;Andrea Sanchez;YYYY-59-DD 22:59:SS;ESNe01-20230419-CC;Spring Break Coder-Camp 2024;City: Palmerland | Address: 463 Kristen Meadow, Christopherport, NE 41475;;nrogers@yahoo.com;(482)785-9505;Stephanie Mann;Ferguson;Immigration officer;Robinson Ltd;Advertisement;STDID-21;Michelle Knight;10;2013-10-14;Michelle;female;Dutch;Elementary School;Inside community adult do throw draw Republican.;Vegetarian;Serve even hospital.;534 Morton Views, Petersville, CT 13194;61177;East Seanville;British Virgin Islands;613dcd37-acc8-4042-a08e-40bfffdc19e2;iDEAL;Cancelled;45,5;170,01;Tell manage moment activity but not.;73761;124,51;Cancelled;YYYY-59-DD 22:59:SS;Spring Break Coder-Camp 2024;2;cdm23480;2;PayPal;mollie_wc_gateway_paypal;416,905,964;3,664,946,531;5,041,131,091;;4.0;1031 AU
21;21;2023-2024;DE;Nebraska;Wilson Ltd | CoderMinds;561 Golden Groves Suite 126, New Deanna, WI 23946;Andrea Simpson;YYYY-48-DD 00:48:SS;DENe01-20230621-CC;Regular Course;City: New Jonathan | Address: 056 Jeremiah Cliff Suite 766, Blakeland, MD 67534;;bbutler@gmail.com;506-552-1785;Tammy George;Abbott;Research officer, trade union;Greene, Thompson and James;Word of mouth;STDID-22;Sandra Johnson;13;2011-01-11;Sandra;female;Dutch;High School;Reason for political crime purpose radio else.;Vegetarian;Discuss recently sure gun.;PSC 1981, Box 2767, APO AP 37419;18214;Hallshire;Australia;0b21dc8b-2e0b-4498-a293-0f0b7953d27d;iDEAL;Cancelled;31,03;200,61;Whether decide fear toward factor hard also.;1808;169,58;Cancelled;YYYY-48-DD 00:48:SS;Regular Course;2;cdm92851;1;iDEAL;mollie_wc_gateway_ideal;109,932,844;9,958,180,206;1,035,104,199;2021-2023;4.0;1032 AV
22;22;2021-2022;NL;Wyoming;Freeman-Reynolds | CoderMinds;5217 Randy Drive Apt. 690, Sancheztown, NJ 08407;Brian Brown;YYYY-42-DD 20:42:SS;NLWy01-20230926-CC;Regular Course;City: Lake Nathan | Address: 071 Morrison Viaduct, Lake Timothy, WV 86274;;poolebrianna@rogers.org;768.913.9682x7167;Jaime Baker;Rush;Probation officer;Watson-Allen;Online;STDID-23;Melissa Gomez;6;2017-12-02;Melissa;female;German;Elementary School;Race clear boy piece age assume.;Vegan;With himself I see.;13863 Mcdowell Hills, Smithshire, ND 68950;85825;West Brandonmouth;Mexico;0515dedb-de94-4745-a9b5-d76f15219e9e;Credit Card;Completed;27,47;192,31;Parent seven include kind.;40975;164,84;Completed;YYYY-42-DD 20:42:SS;Regular Course;2;cdm76345;2;iDEAL;mollie_wc_gateway_ideal;4,738,873,641;4,214,288,175;5,245,854,657;2020;2.0;1033 AW
23;23;2022-2023;NL;North Dakota;Valdez-Davidson | CoderMinds;96421 Matthew Park Suite 530, Lake Brianastad, NM 41253;David Roberson;YYYY-54-DD 09:54:SS;NLNo01-20230516-CC;Spring Break Coder-Camp 2024;City: South Charles | Address: PSC 3504, Box 4541, APO AE 87852;;jameswatson@anderson.net;1-257-545-9385x64733;Heather Kirby;Robbins;Museum/gallery curator;Butler, Sanchez and Robertson;Online;STDID-24;Phillip Osborn;7;2016-04-02;Phillip;male;English;Elementary School;I home available school will.;Gluten-free;Learn describe manager employee understand across.;6724 Smith Centers, Port Kathleen, MN 63483;10210;North Kevin;Armenia;2bdcf403-b354-4970-91de-f3bb0a1f12bf;iDEAL;Completed;26,01;153,14;Three left picture.;79470;127,13;Completed;YYYY-54-DD 09:54:SS;Spring Break Coder-Camp 2024;5;cdm17418;1;iDEAL;mollie_wc_gateway_ideal;1,755,568,076;1,602,992,014;1,525,760,624;2010-2011;1.0;1034 AX
24;24;2023-2024;NL;New Hampshire;Hanson, Taylor and Clay | CoderMinds;2466 Williams Burgs, South Jenniferton, IL 53558;Misty Payne;YYYY-09-DD 14:09:SS;NLNe01-20230721-CC;Workshop;City: East Leslie | Address: 2114 Leah Falls Suite 061, Heatherhaven, NH 34861;;vgraham@yahoo.com;224.387.8519x76047;Angela King;Cruz;Oncologist;Thompson Group;Advertisement;STDID-25;Catherine Daniels;8;2015-07-02;Catherine;female;Dutch;Middle School;Several future ball name.;Vegetarian;Customer site understand my concern support.;0658 Daisy Brook, East Saramouth, DE 05151;81087;Elizabethland;Saint Vincent and the Grenadines;60d34c8a-6f32-4fb5-8991-198972a1b78d;iDEAL;Cancelled;49,63;131,56;Eye city long upon.;96625;81,93;Cancelled;YYYY-09-DD 14:09:SS;Workshop;2;cdm28796;2;Credit Card;mollie_wc_gateway_credit_card;4,242,333,345;4,118,912,198;1,234,211,476;14;1.0;1035 AY
25;25;2023-2024;NL;North Carolina;Patel-Clark | CoderMinds;80119 Catherine Green Apt. 608, South Austin, AL 20157;Crystal Turner;YYYY-43-DD 07:43:SS;NLNo01-20231107-CC;Regular Course;City: Lake Richard | Address: 124 Nichols Gateway, East Kim, DC 52776;;yjames@mason.com;1-063-850-2522x67859;Richard Ryan;Sanders;Insurance underwriter;Dominguez, Frye and Harvey;Advertisement;STDID-26;Dawn Wang;14;2009-11-02;Dawn;female;Dutch;Elementary School;Pattern beyond possible explain begin law message piece.;;Would ahead concern per.;7567 John Bypass, Birdmouth, NV 40151;33228;Russellchester;Norfolk Island;d630dc03-5173-45e8-9fd3-63b3b1bbf027;Bank Transfer;Cancelled;36,14;442,5;He thus program however personal.;4296;406,36;Cancelled;YYYY-43-DD 07:43:SS;Regular Course;3;cdm33772;2;PayPal;mollie_wc_gateway_paypal;1,318,123,521;1,085,047,687;2,330,758,341;2018;1.0;1036 AZ
26;26;2023-2024;ES;New York;Stark, Jackson and Bailey | CoderMinds;80490 Melissa Ways Apt. 888, Theresaland, AZ 53429;Danielle Marquez;YYYY-55-DD 13:55:SS;ESNe01-20231230-CC;Bright Minds;City: North Kennethberg | Address: 207 Jennifer Flat, South Madelineberg, WY 98139;;hbennett@hughes.com;384.065;Benjamin Bright;Garcia;Health and safety adviser;Hamilton, Rodgers and Clark;Online;STDID-27;Susan Phillips;16;2007-05-19;Susan;female;Dutch;Middle School;Region most skill reality TV smile me.;Gluten-free;Laugh drug church young.;PSC 0167, Box 1783, APO AE 89924;99598;Martinburgh;Niue;765e3314-75f1-4165-a799-1ab9e831fcba;PayPal;Cancelled;12,48;463,16;Nearly any management suggest health.;67055;450,68;Cancelled;YYYY-55-DD 13:55:SS;Bright Minds;2;cdm16272;1;Credit Card;mollie_wc_gateway_credit_card;4,247,181,321;3,995,358,968;2,518,223,537;2014;2.0;1037 BA
27;27;2021-2022;DE;Iowa;Brewer-Gentry | CoderMinds;931 Megan Court Suite 698, Mcdonaldstad, KS 08042;Scott Horne;YYYY-25-DD 08:25:SS;DEIo01-20230525-CC;Regular Course;City: Port Tammyside | Address: 565 Juan Cape, South Veronicaton, IA 07387;;madelineford@woods.biz;-7412;Crystal Floyd;Turner;Engineer, site;Stephenson, Case and Kane;Advertisement;STDID-28;Cristina Padilla;9;2014-08-06;Cristina;female;Dutch;Middle School;Nor wind even picture matter coach wrong.;Vegan;Heart forward time water second.;988 Isaac Neck, East Jennifer, WY 67163;35092;West Tina;Russian Federation;49e5a6b4-cf3e-43b6-b565-e250dad88448;iDEAL;Cancelled;44,05;487,82;Crime protect usually.;8848;443,77;Cancelled;YYYY-25-DD 08:25:SS;Regular Course;3;cdm19954;0;PayPal;mollie_wc_gateway_paypal;1,019,845,848;9,178,924,944;1,019,533,533;2017;;1038 BB
28;28;2023-2024;DE;Connecticut;Anderson-Ryan | CoderMinds;1215 Melissa Manors, New Robertberg, ID 53951;David Gray;YYYY-10-DD 11:10:SS;DECo01-20230628-CC;Spring Break Coder-Camp 2024;City: Lake Kristen | Address: PSC 0760, Box 4852, APO AP 69473;;gonzalesadam@yahoo.com;(384)782-5174x1765;Nathan Pruitt;Lam;Dispensing optician;Parker, Vargas and Price;Advertisement;STDID-29;Jessica Sellers;7;2016-03-16;Jessica;female;Spanish;High School;Feeling whole truth business across hold approach.;Gluten-free;Late field first fish.;81262 Christopher Island Apt. 379, Burtonside, OH 24128;89336;Johnsonshire;Western Sahara;66c1c4d3-4c25-411a-88e3-e2e03c150c87;PayPal;Processing;32,63;348,08;Pattern likely commercial city.;21248;315,45;Processing;YYYY-10-DD 11:10:SS;Spring Break Coder-Camp 2024;2;cdm79189;0;iDEAL;mollie_wc_gateway_ideal;2,320,455,488;1,915,959,531;4,044,959,573;2011;3.0;1039 BC
29;29;2023-2024;FR;Colorado;Moore-Mitchell | CoderMinds;942 Kenneth Parkway Suite 944, Georgeside, HI 58066;Jennifer Jackson;YYYY-55-DD 01:55:SS;FRCo01-20231220-CC;Workshop;City: Carolynview | Address: 192 Fleming Trail, New Richard, MI 66608;;mariah15@hotmail.com;1-945-740-1283;Kimberly Cooper;Malone;Engineer, maintenance (IT);Pearson Inc;Online;STDID-30;Robert Newton;11;2012-04-03;Robert;male;French;Elementary School;The specific much impact system read morning.;Vegan;Time coach walk less perform.;USNV Williamson, FPO AE 23407;45751;Emmaberg;Belarus;2b977062-21b5-4a0f-b941-b60a55be8737;iDEAL;Completed;44,67;444,58;Take character general country thousand nearly rich.;34516;399,91;Completed;YYYY-55-DD 01:55:SS;Workshop;1;cdm83845;1;Credit Card;mollie_wc_gateway_credit_card;27,079,266;2,273,043,533;4,348,830,662;2022;4.0;1040 BD
30;30;2023-2024;ES;Florida;Elliott, Warren and Davis | CoderMinds;5754 Johnny Prairie Suite 359, South Kathleen, WI 60066;Meredith Anderson;YYYY-34-DD 04:34:SS;ESFl01-20230504-CC;Spring Break Coder-Camp 2024;City: Victorhaven | Address: 6560 Rita Port, Port Jesusside, VA 19161;;gardnerjoshua@gmail.com;1.942.013.168;Crystal Lee;Stewart;Microbiologist;Baker Group;Online;STDID-31;Rebecca Hall;16;2008-01-24;Rebecca;female;French;Elementary School;Or bad air every form husband pressure window.;Vegetarian;Book the study worker chair spend.;51239 Benitez Fort Apt. 055, New Cole, VA 11427;35107;West Gary;Portugal;159921f0-701a-4e49-a8fc-408be0df2dd5;Bank Transfer;Completed;14,81;425,8;Speech effect allow expect across common receive.;86350;410,99;Completed;YYYY-34-DD 04:34:SS;Spring Break Coder-Camp 2024;2;cdm70183;1;PayPal;mollie_wc_gateway_paypal;1,362,065,177;1,248,180,947;1,138,842,308;2022;2.0;1041 BE
31;31;2023-2024;NL;Wyoming;King Group | CoderMinds;64837 Reeves Tunnel, East Morgan, VT 75729;Ryan Davis;YYYY-42-DD 08:42:SS;NLWy01-20230419-CC;Workshop;City: West Joshua | Address: 3811 Chloe Corners Apt. 419, North Margaretburgh, DC 93600;;rickanderson@yahoo.com;191-079-8770;Justin Collier;Juarez;Child psychotherapist;Moss, Ramirez and Williams;Online;STDID-32;Debbie Watts;15;2008-08-27;Debbie;female;French;High School;Join appear can piece deal popular.;Gluten-free;Option else tough last enjoy.;318 Alyssa Unions, South Morgan, WA 23914;84497;North David;Nauru;ac193168-7046-4411-b5a8-15ecb31aa537;PayPal;Completed;44,46;413,37;Several how least radio paper agency society.;75491;368,91;Completed;YYYY-42-DD 08:42:SS;Workshop;4;cdm52742;0;iDEAL;mollie_wc_gateway_ideal;2,868,710,378;2,699,348,074;1,693,623,036;2013;1.0;1042 BF
32;32;2021-2022;ES;Alaska;Mayer, Bell and Aguirre | CoderMinds;39996 Devin Drive Apt. 115, Mullinstown, CT 14647;Margaret Martin;YYYY-05-DD 20:05:SS;ESAl01-20240214-CC;Regular Course;City: Lake Jason | Address: 34212 Monica Parkways, East Jamesport, IA 10832;;jgomez@hotmail.com;(447)516-1540x45502;Catherine Donaldson;Hall;Chartered public finance accountant;Murray-Blevins;Word of mouth;STDID-33;Christopher Rodriguez;11;2012-12-13;Christopher;male;German;Middle School;My according news yard cause.;Vegan;Way radio small catch act firm watch.;360 Allen Overpass Apt. 321, North Pamelaburgh, CA 53849;14309;Judychester;South Georgia and the South Sandwich Islands;73f63212-3a90-45ea-9c2d-67b6976a2967;Credit Card;Processing;22,23;435,57;Improve quite second pressure more job project.;90204;413,34;Processing;YYYY-05-DD 20:05:SS;Regular Course;5;cdm75703;1;iDEAL;mollie_wc_gateway_ideal;4,758,960,185;4,005,894,586;7,530,655,989;2016;2.0;1043 BG
33;33;2023-2024;DE;California;Hall-Rodriguez | CoderMinds;8797 Stacy Pines Apt. 679, Hannahside, LA 31563;Sharon Pennington;YYYY-10-DD 02:10:SS;DECa01-20240102-CC;Spring Break Coder-Camp 2024;City: Thomasfurt | Address: 060 Connor Turnpike Apt. 352, Frostborough, NC 72407;;fcook@perez.com;078.720.3071x506;Anna Graves;Sullivan;Learning mentor;Mercado LLC;Advertisement;STDID-34;Jason Shaw;10;2013-10-21;Jason;male;Dutch;Elementary School;Science tough behavior tree woman town official.;Vegetarian;Two seven religious smile own member.;USNV Wise, FPO AP 95749;45728;East Dennisville;Azerbaijan;9c0d81d3-901b-4be9-adc7-99a68db48591;PayPal;Completed;43,44;282,89;At whose our usually country drop.;47165;239,45;Completed;YYYY-10-DD 02:10:SS;Spring Break Coder-Camp 2024;1;cdm73220;2;iDEAL;mollie_wc_gateway_ideal;1,356,170,629;1,155,449,762;2,007,208,671;20;3.0;1044 BH
34;34;2022-2023;FR;New Jersey;Rosales Group | CoderMinds;22932 Roberts Tunnel, Lake Timothychester, VA 34875;Stephen Kaufman;YYYY-41-DD 05:41:SS;FRNe01-20240101-CC;Bright Minds;City: South Noahbury | Address: 05895 Anthony Passage, Marciaport, NM 69367;;stephanienichols@patterson-hunt.com;(382)720-2228;Terry Oconnor;Kaiser;Community pharmacist;Powell, Mcfarland and Baker;Advertisement;STDID-35;Mary Collier;16;2007-08-26;Mary;mostly_female;French;High School;Above poor heart factor great relationship.;Vegetarian;South statement action process attack far.;79422 Robert Haven Suite 270, Port Juliaton, OR 97667;24049;Port Lisaside;British Indian Ocean Territory (Chagos Archipelago);7b488023-ee52-43c7-9e78-ca98e58fa571;iDEAL;Completed;8,83;305,9;Picture rise very either class right allow.;81876;297,07;Completed;YYYY-41-DD 05:41:SS;Bright Minds;4;cdm83799;0;Credit Card;mollie_wc_gateway_credit_card;4,054,338,052;3,599,866,904;4,544,711,483;2012-2014;4.0;1045 BI
35;35;2022-2023;DE;South Carolina;Warner, Jones and Webb | CoderMinds;7239 Tucker Place, Cuevastown, IN 35302;Amber Landry;YYYY-33-DD 20:33:SS;DESo01-20230622-CC;Bright Minds;City: Dennisfort | Address: 64148 Castillo Forest, Samueltown, VA 41886;;markjohnson@edwards.com;2.813.073.186;Andrea Mosley;Burgess;Trade mark attorney;Lowe Ltd;Word of mouth;STDID-36;Christina Neal;16;2007-10-05;Christina;female;German;Elementary School;Similar five professional.;Vegan;Prepare something quality six.;419 James Forks, North Susantown, MT 98744;59438;Josephtown;Svalbard & Jan Mayen Islands;82b9be11-5c13-4238-9aa2-e202fcd15a2a;iDEAL;Cancelled;17,73;210,06;Occur particular may amount off discussion.;18908;192,33;Cancelled;YYYY-33-DD 20:33:SS;Bright Minds;2;cdm17107;2;PayPal;mollie_wc_gateway_paypal;1,881,611,513;1,731,856,879;1,497,546,343;2013;2.0;1046 BJ
36;36;2023-2024;US;New Mexico;Miller, Ballard and Gonzalez | CoderMinds;6263 Kayla Turnpike Suite 203, Henryhaven, NE 62160;Kevin Washington;YYYY-03-DD 19:03:SS;USNe01-20230822-CC;Spring Break Coder-Camp 2024;City: Annetteview | Address: 832 Walker Walks Suite 669, Jonesmouth, WI 08760;;kristen12@watson.com;823.474.7371x3852;David Smith;Murphy;Production assistant, radio;Anderson and Sons;Online;STDID-37;Gina Mcdowell;12;2012-03-12;Gina;female;French;High School;Art treatment society travel ok decision old.;Gluten-free;Give up marriage bill would.;232 Giles Burgs Suite 813, Stephensberg, OR 16886;43207;Lake Alanview;Nicaragua;d0d5c188-fd5d-4d0f-8900-3c7eb8970c56;PayPal;Cancelled;13,02;260,39;Order that per fish soon gas assume.;64163;247,37;Cancelled;YYYY-03-DD 19:03:SS;Spring Break Coder-Camp 2024;4;cdm66379;2;iDEAL;mollie_wc_gateway_ideal;1,511,098,549;133,206,131;1,790,372,395;;2.0;1047 BK
37;37;2023-2024;NL;New Hampshire;Orozco Group | CoderMinds;2095 Michael Alley, Campbellberg, TX 69027;Jason Ferguson;YYYY-47-DD 08:47:SS;NLNe01-20240313-CC;Regular Course;City: Reevestown | Address: 5283 Miller Oval, East Annamouth, AZ 95229;;williamskenneth@yahoo.com;001-508-453-1047x9695;Raymond Rios;Howard;Translator;Mullen-Tanner;Online;STDID-38;Angela Jackson;16;2008-01-06;Angela;female;English;Middle School;Girl Congress eye top.;Gluten-free;Hotel gas partner moment appear.;3523 Matthew Track, Terrellville, SC 63871;97679;Snowchester;Ghana;2f059970-29aa-45a6-9c11-3580e400aaab;PayPal;Processing;22,58;343,95;Central should teacher husband above new.;99366;321,37;Processing;YYYY-47-DD 08:47:SS;Regular Course;1;cdm34326;0;iDEAL;mollie_wc_gateway_ideal;4,577,337,191;4,161,649,565;4,156,876,259;;1.0;1048 BL
38;38;2023-2024;US;Iowa;Hamilton PLC | CoderMinds;5845 Young Knoll Suite 812, Blankenshipfurt, MA 24117;Daniel Kelley;YYYY-27-DD 08:27:SS;USIo01-20231106-CC;Spring Break Coder-Camp 2024;City: Matthewstad | Address: 679 James Flats, Johnside, NY 25941;;zblake@wyatt-david.com;015.232.4907x5737;Brenda Alvarez;Howell;Toxicologist;Hurley-Mayer;Advertisement;STDID-39;Daniel Hart;14;2009-05-12;Daniel;male;Spanish;High School;Water future protect traditional recently society.;Vegetarian;Notice difficult religious miss effort fine.;51048 Molly Villages, South Jonathanville, MD 91882;51219;Lake Nicholasport;Saint Kitts and Nevis;daf561a6-56e9-4576-9940-5c490389a7c9;PayPal;Completed;29,87;147,49;Media finally someone human manage article.;92320;117,62;Completed;YYYY-27-DD 08:27:SS;Spring Break Coder-Camp 2024;2;cdm40476;1;Credit Card;mollie_wc_gateway_credit_card;4,074,594,609;3,490,258,685;5,843,359,245;2011;3.0;1049 BM
39;39;2023-2024;DE;North Carolina;Herrera, Miller and Johnson | CoderMinds;63973 Miller Route, Port Jessica, CO 87452;James Reyes;YYYY-46-DD 08:46:SS;DENo01-20230614-CC;Workshop;City: East Richard | Address: 93322 Daniel Station Apt. 978, New Courtney, NE 43493;;ujordan@bruce.com;688-415-0255x32092;Scott Rollins;Vega;Call centre manager;Mason-Harper;Word of mouth;STDID-40;Diana Faulkner;14;2009-06-11;Diana;female;Dutch;High School;Ready smile fish drop style fast above.;;Hour stuff technology until left.;0097 Kimberly Garden, Newmanhaven, ID 38412;57426;Archerborough;Portugal;37d9c657-da9f-459d-897b-6c02c6ac0aae;Credit Card;Completed;34,22;348,71;Successful them term oil think realize.;46417;314,49;Completed;YYYY-46-DD 08:46:SS;Workshop;5;cdm74714;0;PayPal;mollie_wc_gateway_paypal;199,993,665;1,893,691,462;1,062,451,884;2019-2020;4.0;1050 BN
40;40;2022-2023;US;South Carolina;Conway Ltd | CoderMinds;54728 James Point Apt. 710, Port Melissa, AZ 04330;Billy Glass;YYYY-48-DD 21:48:SS;USSo01-20230927-CC;Regular Course;City: Lake Cynthiaside | Address: 90298 Gregg Summit, West Justin, WV 16579;;bhenry@hotmail.com;232-760-3167x345;Jason Sutton;Contreras;Tax adviser;Diaz and Sons;Advertisement;STDID-41;Gregory Matthews;10;2013-07-19;Gregory;male;Dutch;High School;Yeah season hope how which analysis.;Vegan;Couple probably opportunity television usually fish still.;13842 Johnson Garden, Christopherport, OH 11234;36668;North Valerie;Heard Island and McDonald Islands;f7b641e1-9af3-4a0b-a242-08f8fb150edb;PayPal;Completed;49,29;342,14;Away music follow traditional stage teach but image.;46756;292,85;Completed;YYYY-48-DD 21:48:SS;Regular Course;5;cdm27883;1;iDEAL;mollie_wc_gateway_ideal;3,267,390,546;281,941,511;4,479,754,367;;4.0;1051 BO
41;41;2023-2024;NL;Iowa;Cummings, Kidd and Montoya | CoderMinds;415 Huffman Stravenue Apt. 080, Port Matthew, AR 08530;Jaclyn Rogers;YYYY-05-DD 11:05:SS;NLIo01-20231006-CC;Workshop;City: North Lindaville | Address: 7052 John Manors Suite 541, Deborahland, ID 61915;;jonesemily@hotmail.com;577.230.4108x40559;Kayla Hughes;Cuevas;Administrator;Martin-Roberts;Online;STDID-42;Brian Gallegos;12;2011-11-05;Brian;male;Dutch;High School;Trade action reason send water financial.;Vegan;Product although building short into.;419 Susan Key, West Marystad, MT 74616;22551;Youngmouth;United Kingdom;99c03da1-fc59-4ae1-9530-6746d0dc6e21;PayPal;Processing;44,9;373,79;Case particularly sound than.;24951;328,89;Processing;YYYY-05-DD 11:05:SS;Workshop;2;cdm72601;1;iDEAL;mollie_wc_gateway_ideal;24,142,052;1,974,087,406;4,401,177,942;;4.0;1052 BP
42;42;2021-2022;FR;Vermont;Shelton-Terry | CoderMinds;352 Jessica Center, Anneview, CO 33803;Mark Lara;YYYY-02-DD 23:02:SS;FRVe01-20231214-CC;Regular Course;City: East Jacobtown | Address: 115 Harold Trafficway Suite 469, New Jacqueline, DE 71653;;cynthiaerickson@yahoo.com;4372464423;Anne Palmer;Neal;English as a second language teacher;Patrick, Stevenson and Krueger;Word of mouth;STDID-43;Clinton Hoover;17;2006-06-24;Clinton;male;Spanish;Middle School;But hot beat quickly.;Vegan;Spend statement arm film plan owner common.;34062 Bond Mall, Jamesburgh, OK 38527;41659;Marissaborough;Jersey;8a6439a2-62e7-416e-b67c-f5ca68a4f343;Bank Transfer;Cancelled;42,72;137,25;Important performance safe produce trip all.;75356;94,53;Cancelled;YYYY-02-DD 23:02:SS;Regular Course;4;cdm43709;0;PayPal;mollie_wc_gateway_paypal;3,933,291,994;328,740,263;6,458,893,645;2011-2013;2.0;1053 BQ
43;43;2023-2024;NL;New Mexico;Ross Group | CoderMinds;803 Tammy View Suite 445, Simmonsfurt, NY 99208;Michelle Schwartz;YYYY-04-DD 05:04:SS;NLNe01-20231201-CC;Bright Minds;City: Christopherborough | Address: 64919 Schmidt Station, New Michael, NE 89440;;randydrake@lopez-guzman.info;001-961-118-0042;Michael Hampton;Brown;Clinical embryologist;Cross and Sons;Word of mouth;STDID-44;Emily Bautista;17;2006-07-17;Emily;female;German;High School;End always stay throw it.;Vegan;Worker major both life physical under from.;3128 Stephanie Run Suite 017, Estradahaven, VT 94606;79743;Hannahstad;Bhutan;bec6f56c-26e6-4edb-924d-8e4a19311a28;Bank Transfer;Processing;39,73;242,24;Bit outside director his east husband full.;71691;202,51;Processing;YYYY-04-DD 05:04:SS;Bright Minds;4;cdm61390;0;Credit Card;mollie_wc_gateway_credit_card;1,239,291,948;1,047,527,911;1,917,640,374;;1.0;1054 BR
44;44;2022-2023;NL;California;Farrell Group | CoderMinds;5973 Mark Island Apt. 472, South Kevinton, IN 98390;Louis Howard;YYYY-42-DD 23:42:SS;NLCa01-20230524-CC;Regular Course;City: Lake Rachelport | Address: 995 Lane Station, South Ryan, GA 60152;;slang@hotmail.com;001-303-344-6665;Diane Christensen;Perkins;Designer, furniture;Lopez Ltd;Word of mouth;STDID-45;Jonathan Galvan;7;2016-07-15;Jonathan;male;Dutch;High School;Necessary quality in until yard.;Vegetarian;Strong blood full gas.;39579 Tracey Forges Suite 915, South Donaldview, DE 84500;46455;Joshuafort;Switzerland;a78b5f47-9c95-4143-9729-20984e0595db;Bank Transfer;Processing;43,48;278,47;Resource activity it including ready day.;10693;234,99;Processing;YYYY-42-DD 23:42:SS;Regular Course;3;cdm62441;0;Credit Card;mollie_wc_gateway_credit_card;1,253,152,931;1,070,291,911;1,828,610,192;2019;2.0;1055 BS
45;45;2022-2023;US;Arkansas;Young-Rodriguez | CoderMinds;4639 Jackson Village, North Michaelfort, OK 70160;Tiffany Heath;YYYY-35-DD 18:35:SS;USAr01-20231016-CC;Workshop;City: Lake Bailey | Address: 811 Brian Club Apt. 833, Mcphersonville, OH 31436;;mandywhite@moore-andrade.com;(803)550-0500;Bethany Roberts;Reeves;Engineer, production;Francis PLC;Word of mouth;STDID-46;Laura Williamson;9;2014-08-15;Laura;female;Spanish;High School;Cost center owner way hour.;Vegan;Exist those two budget sound man.;853 Erica Via Suite 864, Krystalberg, MS 88230;95902;Lake Zachary;French Polynesia;60c1aee1-2edf-4b55-a606-d8b3064f88f3;Credit Card;Processing;47,79;271,77;Notice give care according whatever building value.;95098;223,98;Processing;YYYY-35-DD 18:35:SS;Workshop;3;cdm78505;2;Credit Card;mollie_wc_gateway_credit_card;254,805,781;2,302,328,402;245,729,408;;3.0;1056 BT
46;46;2021-2022;ES;Vermont;Williams Group | CoderMinds;72548 Montes Summit, New Paul, ID 31855;Courtney Ford;YYYY-25-DD 16:25:SS;ESVe01-20231001-CC;Regular Course;City: Carrieville | Address: 222 Smith Camp, Lake Dylan, IN 12093;;dphelps@hotmail.com;(262)583-8532x253;Alicia Rowe;Preston;Dealer;Bailey and Sons;Online;STDID-47;Maureen Nguyen;18;2005-06-21;Maureen;female;French;Middle School;Indicate court share any window health son.;;Laugh foreign everything debate son.;5676 Newton Harbors Apt. 129, South Christinaville, RI 06348;10515;New Jessica;Wallis and Futuna;18877f88-7c9d-4dc5-9ff7-023a67751da1;iDEAL;Processing;23,43;336,27;Rather since later.;12519;312,84;Processing;YYYY-25-DD 16:25:SS;Regular Course;3;cdm45993;1;PayPal;mollie_wc_gateway_paypal;1,577,242,036;1,301,698,845;275,543,191;;3.0;1057 BU
47;47;2023-2024;US;New Mexico;Hensley-Le | CoderMinds;USCGC Manning, FPO AP 58376;John Brown;YYYY-22-DD 06:22:SS;USNe01-20230614-CC;Regular Course;City: Andrewburgh | Address: 6776 Ford Drive Apt. 606, West Sean, ID 72053;;sanchezalexis@gmail.com;1-920-610-6943x6196;Cheyenne Watkins;Carlson;Television camera operator;Clark, Thomas and Hammond;Online;STDID-48;Matthew Bowen;6;2017-04-01;Matthew;male;French;Elementary School;Design medical listen left area reason fall.;;Budget other against race.;631 Ashley Union Suite 744, West Mary, NY 76947;33521;Candaceland;Mauritius;f10b615f-3a70-4850-ac8f-b9e2cb04d609;iDEAL;Cancelled;16,96;471,57;Traditional accept rich light south.;66057;454,61;Cancelled;YYYY-22-DD 06:22:SS;Regular Course;5;cdm46335;0;PayPal;mollie_wc_gateway_paypal;1,000,294,389;832,348,194;1,679,461,946;11;1.0;1058 BV
48;48;2022-2023;ES;Alabama;Figueroa, Mcdonald and Esparza | CoderMinds;07346 Katherine Roads, Port Elizabethton, HI 80524;Glenn Brown;YYYY-13-DD 18:13:SS;ESAl01-20230913-CC;Spring Break Coder-Camp 2024;City: West Jamiefort | Address: 38075 Berry Estates Suite 881, Jonathanborough, UT 88119;;erika72@yahoo.com;236.284.5637x3754;Shawn Blevins;Yates;Music tutor;Martin-Macias;Online;STDID-49;Richard Decker;16;2007-11-21;Richard;male;English;Elementary School;Draw culture exactly team traditional practice.;Vegetarian;All enjoy wonder Republican offer.;05747 John Mills Apt. 795, Port Kenneth, NJ 61862;80939;North Theresa;India;48e11f60-7fa1-49d5-a011-182280e3af2f;PayPal;Processing;12,28;440,42;Room often never reduce my worker knowledge edge.;36376;428,14;Processing;YYYY-13-DD 18:13:SS;Spring Break Coder-Camp 2024;4;cdm45725;2;PayPal;mollie_wc_gateway_paypal;2,729,039,231;2,333,449,016;3,955,902,147;2018;1.0;1059 BW
49;49;2023-2024;NL;Kentucky;Gill-Kramer | CoderMinds;9841 Seth Points Suite 657, Port Williamside, NH 82771;Sarah Anderson;YYYY-36-DD 15:36:SS;NLKe01-20230803-CC;Workshop;City: Vasquezburgh | Address: 51807 Juan Crescent, West Kimberlymouth, NV 51066;;danielsbobby@hotmail.com;(796)345-1245x315;Michelle Mueller;Saunders;Nurse, learning disability;Holland, Padilla and King;Online;STDID-50;Christian Hicks;7;2017-01-13;Christian;male;French;Elementary School;Best sister couple ago firm several federal.;;Time service responsibility peace small.;189 Patricia Ridge, West Danielleview, WV 52996;63785;East Tracey;Nigeria;5c1c9dec-37e3-46ba-b2ed-00fa6a6944da;Bank Transfer;Processing;13,43;128,95;Wrong morning finally able grow speak officer program.;15687;115,52;Processing;YYYY-36-DD 15:36:SS;Workshop;1;cdm67024;1;PayPal;mollie_wc_gateway_paypal;4,575,097,066;4,284,250,062;2,908,470,033;2018-2020;2.0;1060 BX
50;50;2023-2024;NL;Minnesota;Henry, Brown and Barr | CoderMinds;3426 Nelson Dam Apt. 165, Patelmouth, IL 56962;James Boone;YYYY-40-DD 21:40:SS;NLMi01-20231002-CC;Spring Break Coder-Camp 2024;City: East Patricia | Address: 57516 Miller Courts, South Lori, MA 63786;;sandrahayes@watkins.com;9.268.911.451;Matthew Hicks;Gonzalez;Medical technical officer;Wells PLC;Online;STDID-51;Joshua Jackson;10;2013-12-01;Joshua;male;French;Elementary School;Money type rather.;;Health generation economy notice able avoid.;3998 Virginia Station Suite 740, New Tamarastad, VA 53031;67395;Kevinborough;Brunei Darussalam;9cbf17f6-9a0b-4685-9cf5-d26a3254ffc0;PayPal;Completed;8,42;455,31;Peace current audience leg amount send.;97720;446,89;Completed;YYYY-40-DD 21:40:SS;Spring Break Coder-Camp 2024;2;cdm78224;1;PayPal;mollie_wc_gateway_paypal;3,423,973,305;2,981,164,645;4,428,086,604;;4.0;1061 BY
51;51;2022-2023;DE;Hawaii;Rodriguez, Castro and Hill | CoderMinds;06141 Carter Port, North Jason, NE 02029;Steven Erickson;YYYY-30-DD 11:30:SS;DEHa01-20230624-CC;Bright Minds;City: Angelatown | Address: PSC 5182, Box 9055, APO AP 55015;;xmartin@hotmail.com;987-666-8209x3717;Patricia Johnson;Mitchell;Gaffer;Jones-Holt;Word of mouth;STDID-52;Deborah Walter;15;2008-10-26;Deborah;female;English;Elementary School;Listen apply company pick up responsibility large.;Vegetarian;Fill court morning fact voice push.;17249 Jeffrey Trail Apt. 822, Carrhaven, VA 51287;21218;North Jessica;Jersey;04b104cd-3f74-4efb-a05d-ba605e1c6a6a;Bank Transfer;Cancelled;14,02;471,54;Education major born mention it.;63901;457,52;Cancelled;YYYY-30-DD 11:30:SS;Bright Minds;4;cdm21616;0;PayPal;mollie_wc_gateway_paypal;3,865,772,626;3,569,335,112;2,964,375,148;2010-2012;4.0;1062 BZ
52;52;2023-2024;DE;South Dakota;Calhoun Inc | CoderMinds;0638 Harris Route Suite 395, Jonathonshire, KY 33810;Danielle Davis;YYYY-38-DD 19:38:SS;DESo01-20230813-CC;Bright Minds;City: East Mary | Address: 62329 Bates Heights, New Ross, DE 85022;;hcastillo@roberts-hudson.com;06 46 78 39 40;Melissa White;Best;Designer, multimedia;Harris, Cross and Payne;Word of mouth;STDID-53;William Rose;12;2011-12-14;William;male;Dutch;Middle School;Industry great next say.;Vegetarian;Chair none anyone notice fly option.;07853 Ryan Summit, New Ian, NY 39340;1978;West Hannah;El Salvador;15c5903d-873e-43b5-b6a5-d8f4706b3c4e;PayPal;Completed;13,66;490,81;Rock artist certain reason quickly head same care.;25593;477,15;Completed;YYYY-38-DD 19:38:SS;Bright Minds;2;cdm73424;2;Credit Card;mollie_wc_gateway_credit_card;1,650,416,834;1,476,665,833;1,737,510,018;2016-2017;2.0;1063 CA
53;53;2022-2023;FR;Texas;Lee, Schwartz and Hardy | CoderMinds;Unit 6047 Box 5184, DPO AE 24361;Logan Sparks;YYYY-17-DD 04:17:SS;FRTe01-20240120-CC;Bright Minds;City: Port Christinaland | Address: 8740 Morrow Neck Apt. 711, Charlesmouth, NY 68413;;ijames@gmail.com;4092078037;Heather Lloyd;Watts;Customer service manager;Wilson-Walker;Advertisement;STDID-54;Shawn Terrell;15;2008-08-11;Shawn;mostly_male;German;Elementary School;Half big discover recently site have first.;Vegan;Industry allow hundred possible statement four he clearly.;90810 Webb Hill, Dannyshire, CO 95599;65804;Shannonland;Slovenia;48e88c5c-a141-449d-9535-991078553805;Bank Transfer;Processing;39,99;370,93;Several window argue apply benefit however upon.;11314;330,94;Processing;YYYY-17-DD 04:17:SS;Bright Minds;4;cdm94657;1;iDEAL;mollie_wc_gateway_ideal;3,446,987,132;2,976,845,192;4,701,419,397;2022-2024;3.0;1064 CB
54;54;2021-2022;US;Nebraska;Wood Inc | CoderMinds;005 Abbott Club, East Patrick, DE 63287;Sarah Davis;YYYY-52-DD 18:52:SS;USNe01-20231105-CC;Bright Minds;City: Lake Savannah | Address: 78489 Dawn Avenue Suite 331, Gillborough, CO 72135;;edwardsoto@yahoo.com;1-816-773-4627x70802;Ronald Smith;Ruiz;Neurosurgeon;Nichols, Boyer and Shields;Word of mouth;STDID-55;Daniel Cooper;16;2007-07-24;Daniel;male;Dutch;High School;One series door physical field language population.;Vegetarian;Develop government seat before task teach act.;440 Miller Islands Apt. 829, Amandaton, WI 76786;4778;North Ethanland;Solomon Islands;3aca7094-f181-443b-b413-19877a69009c;Bank Transfer;Cancelled;30,18;263,28;Me seek near response evidence card.;59046;233,1;Cancelled;YYYY-52-DD 18:52:SS;Bright Minds;2;cdm71953;2;Credit Card;mollie_wc_gateway_credit_card;3,191,266,428;2,995,821,177;1,954,452,507;2022-2023;1.0;1065 CC
55;55;2021-2022;ES;Wisconsin;Porter-Stone | CoderMinds;31503 Vanessa Inlet Suite 421, Richardmouth, MT 26753;Clinton Hughes;YYYY-33-DD 12:33:SS;ESWi01-20230928-CC;Bright Minds;City: East Danielbury | Address: 2977 Sexton Bypass, West Benjaminton, CT 22121;;melissa08@parks-edwards.org;(540)738-4461x2662;Kevin Adams;Johnson;Counselling psychologist;Johnson, Wilson and Adams;Online;STDID-56;Antonio Bradley;9;2014-09-25;Antonio;male;French;Elementary School;Way sure trip.;Gluten-free;House skin box even.;450 Allison Radial, Brewerfort, MO 87946;95021;Whiteland;Norway;cb8f6ac2-7ba2-44d1-a164-f24563564813;iDEAL;Completed;18,12;181,14;Free economy hear wonder perform chair.;23306;163,02;Completed;YYYY-33-DD 12:33:SS;Bright Minds;5;cdm82780;2;PayPal;mollie_wc_gateway_paypal;4,710,775,332;4,229,852,988;4,809,223,437;;4.0;1066 CD
56;56;2022-2023;ES;Idaho;Oconnell, Jimenez and Brooks | CoderMinds;290 Angela Cliff Apt. 161, Nielsenhaven, VT 02138;Megan Harrell;YYYY-16-DD 22:16:SS;ESId01-20230828-CC;Bright Minds;City: Lake Ariana | Address: 5734 Freeman Road Suite 969, Grahambury, NE 36870;;paynedennis@yahoo.com;001-126-392-0256x30650;Mr. Wesley Jenkins;Phillips;Physicist, medical;Galvan LLC;Advertisement;STDID-57;Donna Thomas;8;2016-02-26;Donna;female;German;Middle School;Task full truth leave.;;Stock subject employee.;57438 Kevin Courts, West Cristian, MI 60242;21375;Porterview;Reunion;1d760bd6-f707-4597-b068-b0e69478671b;iDEAL;Cancelled;10,19;366;Executive interesting friend operation.;35394;355,81;Cancelled;YYYY-16-DD 22:16:SS;Bright Minds;1;cdm55267;2;iDEAL;mollie_wc_gateway_ideal;2,860,254,011;253,564,922;3,246,047,908;2010;4.0;1067 CE
57;57;2023-2024;US;Wisconsin;Doyle PLC | CoderMinds;814 Rhonda Points Suite 373, Crystalport, UT 93256;Chelsea Gonzalez;YYYY-56-DD 01:56:SS;USWi01-20240311-CC;Workshop;City: Danielborough | Address: 8761 Tina Shoals Apt. 011, Fergusonside, MD 88802;;francisangela@yahoo.com;426.435.7698x2407;Jessica Kent;Brown;Chemical engineer;Brock, Burns and Torres;Advertisement;STDID-58;Maria Casey;11;2012-05-27;Maria;female;Spanish;Middle School;Mean west candidate nor movie.;Vegetarian;Nature one plan next spend crime cell.;36538 Richard Cove, Allisonshire, AK 89241;88880;Port Faith;French Southern Territories;b8179076-730b-46b2-a303-5b10f1059c12;Credit Card;Cancelled;38,06;278,74;Safe within his few draw.;91270;240,68;Cancelled;YYYY-56-DD 01:56:SS;Workshop;2;cdm94450;2;PayPal;mollie_wc_gateway_paypal;3,955,778,094;3,600,132,553;3,556,455,406;;1.0;1068 CF
58;58;2021-2022;ES;Wisconsin;Mahoney Ltd | CoderMinds;211 Marisa Streets, North Samantha, VA 96878;Donald Guerrero;YYYY-29-DD 02:29:SS;ESWi01-20230605-CC;Regular Course;City: Michelemouth | Address: 836 Charles Junction, North Paulaburgh, MI 86504;;dfrost@herrera.com;9722399894;Cheryl Larson;Brown;Interpreter;Jackson-Taylor;Online;STDID-59;James Silva;12;2011-07-04;James;male;Spanish;Elementary School;Standard quickly send radio.;;Report few hold film add hour.;123 Crystal Row, Port Kevin, DE 11484;74127;New Ryan;Turks and Caicos Islands;63628cd9-89bf-44e4-8936-a56982678a7a;Bank Transfer;Processing;34,05;433,75;Political TV up since indeed audience.;73169;399,7;Processing;YYYY-29-DD 02:29:SS;Regular Course;1;cdm69723;0;PayPal;mollie_wc_gateway_paypal;396,280,641;3,814,816,408;1,479,900,024;;2.0;1069 CG
59;59;2021-2022;NL;New Mexico;Lopez, Davis and Solis | CoderMinds;0519 Reynolds Mission, Jeanetteburgh, KS 65964;Sandra Mooney;YYYY-59-DD 10:59:SS;NLNe01-20240123-CC;Spring Break Coder-Camp 2024;City: Lake Josephstad | Address: 9395 Marcus Rapids Suite 834, North Julie, OH 46503;;goodmanmaria@gmail.com;001-989-464-5108;Ashley Anderson;Chandler;Systems developer;Bailey, Gonzalez and Smith;Advertisement;STDID-60;Gregory Wilson;17;2006-07-05;Gregory;male;English;High School;Knowledge item wear where fear industry.;Vegetarian;Unit wind statement sign.;USCGC Barker, FPO AE 58723;87358;Andersontown;Isle of Man;44bbb512-dcb2-43f8-a78e-dbc9c2fae5cc;PayPal;Completed;19,37;310,23;Pick one act person serve.;15602;290,86;Completed;YYYY-59-DD 10:59:SS;Spring Break Coder-Camp 2024;2;cdm54889;0;iDEAL;mollie_wc_gateway_ideal;2,362,144,757;2,105,925,344;2,562,194,128;2018;2.0;1070 CH
60;60;2023-2024;DE;Alabama;Durham-Green | CoderMinds;PSC 6163, Box 9081, APO AE 48739;Janice Chung;YYYY-10-DD 20:10:SS;DEAl01-20231223-CC;Bright Minds;City: Lake Caleb | Address: 76800 Leah Meadow Apt. 756, Shahtown, OK 80058;;rferguson@martinez-callahan.com;(879)888-5589;Margaret Johnston;Hall;Information officer;Coleman Inc;Online;STDID-61;Jacob Thomas;8;2015-10-27;Jacob;male;French;Middle School;Stock type debate per.;Vegetarian;Citizen attorney office third area reach themselves.;1292 Cheryl Villages, North Brandy, DE 52436;91000;Lake Anthony;Nepal;fdf32a15-36a3-4fa4-9c58-27ac7519119c;Credit Card;Completed;28;444,14;Positive among likely response analysis.;18085;416,14;Completed;YYYY-10-DD 20:10:SS;Bright Minds;3;cdm93523;1;Credit Card;mollie_wc_gateway_credit_card;3,465,507,823;301,786,976;4,476,380,634;2022;4.0;1071 CI
61;61;2021-2022;US;Minnesota;Williams, Little and Williams | CoderMinds;529 Figueroa Trace, Richardburgh, RI 94220;Monica Ryan;YYYY-20-DD 02:20:SS;USMi01-20230619-CC;Bright Minds;City: South Anthonyside | Address: 571 Bradley Passage, West Dawntown, SC 39110;;arnoldwilliam@yahoo.com;(203)509-8904;Jeffery Allen;Salazar;Environmental manager;Owens-Hamilton;Word of mouth;STDID-62;Andrew Clark;8;2015-08-10;Andrew;male;Dutch;Middle School;House almost friend.;Vegan;Organization floor pressure trip financial day movement generation.;439 Morrow Crest, Port Lisa, FL 53573;29479;New Michelle;French Polynesia;1b17f0a5-c64a-49aa-ae81-20985d5ac7b4;iDEAL;Cancelled;13,7;279,47;Himself fund rule with.;16663;265,77;Cancelled;YYYY-20-DD 02:20:SS;Bright Minds;1;cdm53978;1;iDEAL;mollie_wc_gateway_ideal;4,226,834,552;3,795,514,086;4,313,204,661;2013;3.0;1072 CJ
62;62;2021-2022;FR;California;Scott-Collins | CoderMinds;80265 Jessica Well Suite 859, Masonport, PA 75068;Samuel Marshall;YYYY-03-DD 13:03:SS;FRCa01-20230812-CC;Regular Course;City: Phillipschester | Address: 612 Brian Port, Jessicahaven, LA 42277;;austinwagner@gibson.com;1-496-978-7693x12373;Pamela Bell;Ball;Horticultural consultant;Hughes-Adams;Word of mouth;STDID-63;Katie Mcmahon;15;2008-05-14;Katie;female;Dutch;High School;Age seek continue new maybe member down against.;Gluten-free;Throughout machine catch.;26886 Goodwin Shoals Suite 445, Davisburgh, CA 23311;3820;East Jenny;Paraguay;bd725ced-a4de-43f6-b4ad-87c439d3a548;iDEAL;Cancelled;16,62;187,89;Finish receive factor allow.;92131;171,27;Cancelled;YYYY-03-DD 13:03:SS;Regular Course;2;cdm94688;1;iDEAL;mollie_wc_gateway_ideal;394,866,428;3,714,400,885;234,263,395;2020-2022;4.0;1073 CK
63;63;2023-2024;US;Arkansas;Ellison Group | CoderMinds;5831 Lori Falls, North Andrea, MS 33369;James Yang;YYYY-13-DD 15:13:SS;USAr01-20240114-CC;Workshop;City: Jonburgh | Address: PSC 3273, Box 8000, APO AE 87672;;scottjohnson@hotmail.com;343.286.489;Heather Lopez;Powers;Broadcast presenter;Bishop, Robinson and Thomas;Advertisement;STDID-64;Erin Hall;7;2016-07-07;Erin;mostly_female;English;High School;Campaign end edge daughter decide finally avoid.;;Behavior happy generation continue.;7384 Gibbs Mountains, South Sandra, MT 65758;47284;West Karenton;Philippines;441fccc6-9ca1-478f-8f85-9ed611bb2201;Bank Transfer;Cancelled;5,76;266,68;Leg according imagine four else both.;10125;260,92;Cancelled;YYYY-13-DD 15:13:SS;Workshop;3;cdm54264;0;Credit Card;mollie_wc_gateway_credit_card;3,232,095,283;2,747,120,618;4,849,746,643;;2.0;1074 CL
64;64;2023-2024;NL;Maine;Smith-Harrington | CoderMinds;3604 Thompson Highway Apt. 996, Lake Justin, AK 28562;Jodi Joseph;YYYY-34-DD 00:34:SS;NLMa01-20230926-CC;Workshop;City: South Stephanieview | Address: 45465 Fisher Parkway Apt. 707, Sarahfort, AK 70952;;janet76@aguilar.com;(173)366-7782;John Brown;Ward;Writer;Cole and Sons;Word of mouth;STDID-65;Nicole Johns;7;2017-03-03;Nicole;female;English;High School;Consider check brother election type suffer night east.;Vegan;Outside suggest whom certainly join news size huge.;14432 Frazier Route Suite 857, West Jeremy, MO 09695;5624;Burgesstown;New Zealand;cac4f8cf-195c-4af1-9104-b19d5d1abdfb;iDEAL;Completed;5,59;287,97;It should cause ground arrive.;63524;282,38;Completed;YYYY-34-DD 00:34:SS;Workshop;3;cdm51766;2;PayPal;mollie_wc_gateway_paypal;4,719,350,777;4,362,936,563;3,564,142,139;2011;2.0;1075 CM
65;65;2023-2024;DE;Montana;Solis Group | CoderMinds;7785 Gonzales Causeway Apt. 066, Collinshaven, NC 85033;Ronald Cordova;YYYY-36-DD 11:36:SS;DEMo01-20240210-CC;Spring Break Coder-Camp 2024;City: Wilsonside | Address: USCGC Carey, FPO AA 33941;;jenniferrobertson@hotmail.com;(986)581-9037;Teresa Peterson;White;Farm manager;Davis-Sullivan;Online;STDID-66;Vicki Hall;14;2009-08-09;Vicki;female;Spanish;High School;Detail each property walk.;;Gas catch maintain woman herself Mrs executive.;252 Zachary Gateway Suite 253, Holtview, HI 29711;34752;Lewisland;Argentina;077866a7-9175-44f6-9f06-6a9762def03d;PayPal;Cancelled;47,07;147,92;Traditional care control kitchen.;65862;100,85;Cancelled;YYYY-36-DD 11:36:SS;Spring Break Coder-Camp 2024;3;cdm78117;0;Credit Card;mollie_wc_gateway_credit_card;3,284,605,698;3,149,908,827;1,346,968,714;;2.0;1076 CN
66;66;2021-2022;US;Kentucky;Sanchez, Marquez and Chan | CoderMinds;58483 Maureen Ridge, New Andrea, SD 30451;Jared Walton;YYYY-39-DD 09:39:SS;USKe01-20230925-CC;Spring Break Coder-Camp 2024;City: New Jose | Address: 9003 George Corner Suite 064, Kelleytown, CO 26751;;traci94@ramirez-villa.com;001-137-561-8871x3089;Johnny Hoover;Franklin;Engineer, production;Craig-Stewart;Online;STDID-67;Alicia Gordon;17;2006-12-05;Alicia;female;Spanish;Elementary School;Sense despite step sister life.;Vegan;Stock tree call.;6508 Charles Spur, Nelsonland, MA 83652;95333;Christinaborough;Cape Verde;270cd448-0bed-4a85-a83d-e3c047593301;Bank Transfer;Processing;42,58;144,35;Personal what almost leader media.;44430;101,77;Processing;YYYY-39-DD 09:39:SS;Spring Break Coder-Camp 2024;1;cdm20950;1;iDEAL;mollie_wc_gateway_ideal;194,534,534;1,831,932,238;1,134,131,019;;1.0;1077 CO
67;67;2022-2023;NL;Arkansas;Lin-Rowland | CoderMinds;9584 Brianna Parks Apt. 771, Davisland, NH 24118;Christian Howard;YYYY-18-DD 21:18:SS;NLAr01-20240221-CC;Spring Break Coder-Camp 2024;City: New Christine | Address: PSC 4935, Box 9902, APO AA 13681;;wigginsjonathan@gmail.com;1-079-623-5329x489;Michelle Edwards;Bryan;Broadcast presenter;Hammond-Suarez;Online;STDID-68;Andrea White;14;2009-03-17;Andrea;female;German;High School;Staff never against share instead according.;Vegan;Purpose different unit road either itself their.;4022 Mckenzie Key, Port Brandi, OR 52773;39119;Youngmouth;Uganda;6c7eedf4-c271-479d-91eb-0f245f82e070;iDEAL;Completed;12,42;369,73;Learn his film purpose.;68640;357,31;Completed;YYYY-18-DD 21:18:SS;Spring Break Coder-Camp 2024;5;cdm27493;1;Credit Card;mollie_wc_gateway_credit_card;411,704,218;381,137,166;3,056,705,195;;1.0;1078 CP
68;68;2022-2023;NL;Alaska;Cobb LLC | CoderMinds;572 Jordan Fields Suite 694, Waltonville, CT 17566;Robin Cherry;YYYY-45-DD 09:45:SS;NLAl01-20240123-CC;Workshop;City: Whitefurt | Address: 54405 Garrett Land Apt. 764, North David, WY 67991;;garrettapril@yahoo.com;837.553.6311x564;Sarah Rogers;Morales;Electronics engineer;Perez-Blake;Online;STDID-69;Terri Martinez;16;2007-11-02;Terri;female;Dutch;High School;Ball exactly fund carry officer natural more.;;Choose turn make determine television kitchen.;5428 Benjamin Run Apt. 853, North Andrew, NC 38661;61171;Cynthialand;Palestinian Territory;fd27936e-0a03-437d-807d-7ab87ac40027;iDEAL;Processing;27,38;292,16;Every success while others central where glass real.;8185;264,78;Processing;YYYY-45-DD 09:45:SS;Workshop;5;cdm37719;1;Credit Card;mollie_wc_gateway_credit_card;3,667,000,703;3,272,834,491;3,941,662,122;2015;1.0;1079 CQ
69;69;2023-2024;US;West Virginia;Wilson Ltd | CoderMinds;6054 Garcia Flat, New Alexanderton, NJ 04344;Chad Neal;YYYY-41-DD 06:41:SS;USWe01-20231103-CC;Spring Break Coder-Camp 2024;City: West Debramouth | Address: 33255 Christopher Street Apt. 203, Schneiderton, AZ 59470;;icampbell@bell-king.org;001-360-758-9195;Lisa Thomas;Watts;Hotel manager;Peterson-Richardson;Advertisement;STDID-70;Renee Anderson;18;2005-10-20;Renee;female;French;Elementary School;Purpose hair enough research.;Gluten-free;Recently from friend resource.;77567 Javier Groves, Coxburgh, UT 52846;5090;Carlosstad;Saint Helena;3a3dfb05-e62c-4611-921f-96886636281c;PayPal;Cancelled;49,3;127,19;Civil dream near believe last house move statement.;67893;77,89;Cancelled;YYYY-41-DD 06:41:SS;Spring Break Coder-Camp 2024;1;cdm29598;0;Credit Card;mollie_wc_gateway_credit_card;3,835,469,745;356,929,768;2,661,720,656;;3.0;1080 CR
70;70;2022-2023;ES;Rhode Island;Ward-Smith | CoderMinds;0198 Joseph Squares, Hicksmouth, CO 80520;Ms. Kiara Baldwin MD;YYYY-39-DD 19:39:SS;ESRh01-20230422-CC;Bright Minds;City: Jensenbury | Address: 34600 Christopher Ways Suite 773, Brianfort, MO 94274;;danieldavis@hotmail.com;503-187-8218x04465;Dominic Lynn;Shepard;IT trainer;Cook-Wilcox;Word of mouth;STDID-71;Kenneth Decker;7;2016-08-27;Kenneth;male;English;Elementary School;Despite lot close return tonight result ask.;Vegan;Guess choice land sometimes partner.;175 Hawkins Mountain, Laurabury, WY 37203;67776;Lake Daniel;Syrian Arab Republic;602e79a1-19a3-49fc-98d3-37b909a797a9;iDEAL;Completed;11,9;107,08;Our again occur according magazine.;22436;95,18;Completed;YYYY-39-DD 19:39:SS;Bright Minds;2;cdm96265;1;iDEAL;mollie_wc_gateway_ideal;442,932,812;3,593,659,499;8,356,686,204;2011;3.0;1081 CS
71;71;2022-2023;US;Iowa;Reynolds-Turner | CoderMinds;15399 Thompson Junction, North James, TX 47828;Chelsea Reynolds;YYYY-09-DD 09:09:SS;USIo01-20240301-CC;Regular Course;City: East Ashleyview | Address: Unit 7667 Box 3498, DPO AE 63748;;mitchellamy@hall-ayala.com;(829)591-9745x4388;Heidi Wood;Smith;Soil scientist;Williams Inc;Advertisement;STDID-72;Julie Roach;13;2010-12-20;Julie;female;Dutch;High School;Seek food reason place push fine.;Vegetarian;Condition partner show nice others glass why office.;911 Le Village Suite 073, New Scottberg, HI 46583;96021;Valenciaborough;Saint Pierre and Miquelon;c3a959cc-27f7-4936-b73d-496beae762d5;PayPal;Completed;47,28;334,84;Break dark reach whole ok.;35387;287,56;Completed;YYYY-09-DD 09:09:SS;Regular Course;2;cdm67061;1;iDEAL;mollie_wc_gateway_ideal;2,036,180,232;1,822,735,014;2,134,452,176;2019;3.0;1082 CT
72;72;2023-2024;NL;Michigan;Evans-Sanders | CoderMinds;88898 Ryan Forges, West Andrewport, NV 35590;Brett Richards;YYYY-57-DD 04:57:SS;NLMi01-20231227-CC;Bright Minds;City: North Kimberly | Address: 863 Andrew Cove Apt. 437, Timothymouth, MO 87756;;christensenmanuel@kelly.com;(646)786-5974;William Powers;Chapman;Administrator, charities/voluntary organisations;Edwards-Norris;Online;STDID-73;Bradley Foster;10;2013-09-26;Bradley;male;Dutch;Elementary School;Friend customer discussion education.;Vegetarian;Apply which arm executive such.;826 Kelly Mountain, West Spencer, PA 05692;92521;Duffystad;Monaco;55fef64c-5c1a-4907-b748-cb9b9e1e0537;PayPal;Processing;8,26;201,22;Summer too certainly fund economic much buy.;50586;192,96;Processing;YYYY-57-DD 04:57:SS;Bright Minds;3;cdm37155;0;Credit Card;mollie_wc_gateway_credit_card;2,226,365,817;2,076,253,254;1,501,125,627;;4.0;1083 CU
73;73;2023-2024;DE;Delaware;Rodriguez Ltd | CoderMinds;9704 Ellis Circle Apt. 726, North Michael, IA 59695;Anne Harris;YYYY-56-DD 22:56:SS;DEDe01-20230723-CC;Regular Course;City: Lake Lori | Address: Unit 3951 Box 6418, DPO AE 54786;;sandra85@yahoo.com;(360)557-0815x1404;Thomas Porter;Ward;Ambulance person;Chambers Group;Advertisement;STDID-74;David Hamilton;8;2015-04-14;David;male;German;Middle School;That way else high over media star eye.;Vegan;History lawyer involve list.;81483 Cardenas Overpass, Williamtown, AL 03832;88233;Powerschester;Western Sahara;a0505bbd-1ab5-4ab6-b942-a76018b14a08;PayPal;Completed;10,89;166,16;Those appear doctor.;80555;155,27;Completed;YYYY-56-DD 22:56:SS;Regular Course;4;cdm74210;1;PayPal;mollie_wc_gateway_paypal;2,747,615,541;2,406,368,092;3,412,474,487;15;4.0;1084 CV
74;74;2023-2024;ES;Minnesota;Nelson, Nicholson and Harrison | CoderMinds;292 Brittany Lights Suite 631, Johnsberg, MO 55703;Michelle Curtis;YYYY-27-DD 22:27:SS;ESMi01-20231229-CC;Workshop;City: East Mason | Address: 6600 Foley Corners Suite 867, Scottville, WV 28977;;qlee@hamilton-parker.com;896-039-1783x63422;Terry Beck;Ritter;Sports therapist;Lester, Ritter and Baker;Advertisement;STDID-75;Richard Kelley;18;2005-06-17;Richard;male;German;High School;Spring tough street space old.;Vegetarian;Black value cup report detail state.;302 Sara Place Suite 855, Cookmouth, WA 27773;94937;Lake Gregoryborough;Heard Island and McDonald Islands;04849b50-a24b-4475-a093-48a41f9c74bd;PayPal;Cancelled;49,9;344,81;Involve difficult beat environmental least claim my idea.;34625;294,91;Cancelled;YYYY-27-DD 22:27:SS;Workshop;5;cdm86376;0;PayPal;mollie_wc_gateway_paypal;2,840,748,837;2,615,181,848;2,255,669,892;;2.0;1085 CW
75;75;2021-2022;NL;Indiana;Wright PLC | CoderMinds;038 Jason Springs, Garciabury, MS 34773;Melissa Stewart;YYYY-32-DD 03:32:SS;NLIn01-20230930-CC;Workshop;City: Bobbyfort | Address: 239 Nichole Flats, Lake Suzanne, HI 88588;;wford@diaz.com;1-905-285-6299;Aaron Hull;Davila;Translator;Jensen-Lee;Advertisement;STDID-76;Kerri Moore;14;2009-08-23;Kerri;female;German;High School;Someone break reduce seat car human.;Vegan;Six hit industry side.;2136 Whitney Vista Apt. 480, Lake Jessica, CO 11119;47740;Port Tinafurt;Pitcairn Islands;783e4149-c443-43b2-8197-82ec749d11db;iDEAL;Cancelled;16,98;387,09;House body least later specific yet.;65451;370,11;Cancelled;YYYY-32-DD 03:32:SS;Workshop;4;cdm70874;2;PayPal;mollie_wc_gateway_paypal;1,355,219,886;1,152,121,941;2,030,979,452;2010;2.0;1086 CX
76;76;2022-2023;ES;South Carolina;Nash-Jones | CoderMinds;666 Robert Harbor, New Kristimouth, MT 18903;Maria Brock;YYYY-05-DD 14:05:SS;ESSo01-20240203-CC;Workshop;City: Ruthborough | Address: 791 Janet Trafficway Suite 514, New Chelsea, DC 04989;;joelsnow@yahoo.com;001-252-460-1782x6305;Austin May;Perez;Risk manager;Wong LLC;Word of mouth;STDID-77;Edward Smith;14;2009-10-03;Edward;male;French;Middle School;Even individual anyone anything.;;Door really boy fly sit yard may.;4270 Melissa Islands Apt. 411, Alexland, AK 58166;5676;Wilkinsport;Saint Pierre and Miquelon;559dcd6c-9df7-4847-a7ad-86d9ceb0c6aa;iDEAL;Completed;8,69;437,79;Medical doctor near cause feeling.;26039;429,1;Completed;YYYY-05-DD 14:05:SS;Workshop;3;cdm47724;1;PayPal;mollie_wc_gateway_paypal;2,653,981,521;229,653,333;3,574,481,902;2012-2014;1.0;1087 CY
77;77;2023-2024;DE;Montana;Dixon-Gonzalez | CoderMinds;106 Stacy Views, Jacksonmouth, NV 80101;Joanna Marshall;YYYY-54-DD 06:54:SS;DEMo01-20230413-CC;Regular Course;City: Port Lindaport | Address: 2382 Giles Mountains Suite 107, North Michael, OH 83410;;michael89@zamora.com;201.226.5723x7154;Veronica Thompson;Wilson;Chemist, analytical;Gonzalez-Brown;Online;STDID-78;Diana Suarez;15;2008-07-15;Diana;female;French;Middle School;Example national kind citizen long allow.;;Make return several blood Republican form indicate.;2748 Regina Ports, Scottland, WI 59859;28671;Lake Christopherhaven;Falkland Islands (Malvinas);ef618470-dbb9-413f-aa21-590934087cd4;iDEAL;Completed;14,58;323,08;Study maybe catch food value.;76229;308,5;Completed;YYYY-54-DD 06:54:SS;Regular Course;2;cdm45724;0;PayPal;mollie_wc_gateway_paypal;4,951,420,592;4,824,369,249;1,270,513,432;2012;1.0;1088 CZ
78;78;2021-2022;DE;Nevada;Greene-Snyder | CoderMinds;09311 Huffman Street Apt. 721, Ashleymouth, IN 85533;Kyle Huffman;YYYY-07-DD 18:07:SS;DENe01-20231229-CC;Regular Course;City: Lake Caroline | Address: 941 Stephanie Way, Port Brian, IN 77427;;jose87@hotmail.com;805-312-8044;Colin Johnson;Huffman;Warden/ranger;Miller PLC;Online;STDID-79;Kathleen Harris;17;2006-08-17;Kathleen;female;Spanish;High School;Dinner less peace move.;Gluten-free;Meeting near set green ahead author.;7689 Noble Common Apt. 009, South Vanessa, WA 43343;99820;West Robertoville;Tajikistan;51ffdbbe-5422-41f0-aedd-566b978dce79;iDEAL;Cancelled;24,57;485,07;Pass west hear summer state create.;93453;460,5;Cancelled;YYYY-07-DD 18:07:SS;Regular Course;4;cdm42026;1;Credit Card;mollie_wc_gateway_credit_card;3,784,565,772;3,257,578,165;5,269,876,066;;3.0;1089 DA
79;79;2021-2022;US;West Virginia;Chandler and Sons | CoderMinds;538 Rita Canyon Apt. 254, Christinefort, NV 73987;Jason Taylor;YYYY-02-DD 19:02:SS;USWe01-20230601-CC;Regular Course;City: West Daniel | Address: 9702 Christopher Terrace Suite 834, Johnburgh, OH 44026;;charles31@byrd.info;7.738.105.948;Alan Shaffer;White;Producer, television/film/video;Castro-Scott;Online;STDID-80;Sean Harris;7;2016-12-25;Sean;male;German;Middle School;Cut spring rule receive medical movement see under.;Vegetarian;Minute head make plan.;42172 Jessica Crossroad Apt. 232, Simpsonbury, KS 90010;5850;South Johnfurt;Yemen;47babbc3-0b29-4e89-9025-84a23be7fe6a;Credit Card;Cancelled;33,87;187,99;Quickly site factor specific ready we easy.;11051;154,12;Cancelled;YYYY-02-DD 19:02:SS;Regular Course;3;cdm38444;2;PayPal;mollie_wc_gateway_paypal;3,503,090,289;3,237,959,111;2,651,311,778;2023;3.0;1090 DB
80;80;2023-2024;US;Louisiana;Miranda Group | CoderMinds;956 Darren Plaza Suite 496, New Scottland, NY 63477;Keith Walters;YYYY-57-DD 00:57:SS;USLo01-20230811-CC;Workshop;City: East Rodney | Address: 3587 Derek Grove Suite 620, North Shawn, OH 12808;;umccarthy@hotmail.com;005-252-0110;Russell Johnson;Owens;Web designer;Nguyen Inc;Word of mouth;STDID-81;Anthony Erickson;10;2014-03-09;Anthony;male;Dutch;High School;Chance sound the after think.;Vegetarian;Hot goal art protect Mr foot ask.;PSC 0670, Box 2805, APO AE 58808;42979;South Loganborough;Hungary;9284271c-d27a-4f1f-ae85-48ae48e905cb;Bank Transfer;Cancelled;16,81;256,04;Hit campaign room where response mind.;20653;239,23;Cancelled;YYYY-57-DD 00:57:SS;Workshop;3;cdm61177;1;iDEAL;mollie_wc_gateway_ideal;4,845,768,519;4,524,414,817;3,213,537,012;2022;3.0;1091 DC
81;81;2023-2024;NL;Arkansas;Blake, Williams and Keller | CoderMinds;5864 Murray Land, South Bradley, VT 90218;Natalie Arnold;YYYY-27-DD 18:27:SS;NLAr01-20230604-CC;Regular Course;City: Port Cathy | Address: 6487 Travis Island Apt. 481, Lake Kristie, KY 70590;;christopher97@leonard-rice.com;69.152.549;Laura Harrison;Cooper;Pilot, airline;Miller-Burns;Advertisement;STDID-82;Amanda Davis;10;2013-08-17;Amanda;female;English;Elementary School;Region entire situation live read.;Vegetarian;Special threat goal language budget me.;159 Simmons Rest, Lake Matthew, MT 56425;68827;East Andreachester;Saudi Arabia;038f2a87-5d9c-4986-a6ef-acf48bb7e67b;PayPal;Completed;33,78;406,67;Ago huge serve can day prepare democratic reflect.;3706;372,89;Completed;YYYY-27-DD 18:27:SS;Regular Course;3;cdm63829;0;Credit Card;mollie_wc_gateway_credit_card;443,819,336;4,078,848,332;3,593,450,283;;3.0;1092 DD
82;82;2021-2022;ES;Washington;Williams Inc | CoderMinds;4890 Wilson Station, Brownburgh, FL 54834;Jason Wright;YYYY-32-DD 15:32:SS;ESWa01-20230831-CC;Bright Minds;City: Edwardville | Address: 37951 Christensen Point Suite 133, Lake James, NE 73851;;melissa88@rivera-acevedo.net;001-297-282-4724x508;Renee Ramirez;Jackson;Sales promotion account executive;Scott, Rivera and Taylor;Word of mouth;STDID-83;Joseph Richardson;5;2018-12-09;Joseph;male;Spanish;Elementary School;Spend ever subject item cultural.;;Voice have employee.;5515 Kenneth Wall Apt. 892, West Christopher, RI 65021;10440;Powellberg;Sao Tome and Principe;304ac757-1b97-4e98-a5f1-a89070826c35;Bank Transfer;Processing;27,83;167,86;Garden control that bag.;18960;140,03;Processing;YYYY-32-DD 15:32:SS;Bright Minds;3;cdm49778;1;iDEAL;mollie_wc_gateway_ideal;2,662,082,411;2,391,286,842;2,707,955,696;12;3.0;1093 DE
83;83;2021-2022;DE;Indiana;Byrd, Ferguson and Ritter | CoderMinds;8371 Nicole Isle Suite 502, Deborahchester, PA 25341;Jonathon Nguyen;YYYY-47-DD 17:47:SS;DEIn01-20230903-CC;Regular Course;City: Rollinsstad | Address: 45095 Drake Alley Apt. 350, South Christopherton, OH 99818;;riveratravis@gmail.com;1-743-58-4579;Renee Thompson;Aguirre;Agricultural consultant;Moore-Hill;Word of mouth;STDID-84;Lawrence Davies;12;2011-10-07;Lawrence;male;French;Elementary School;How support expert born send.;Gluten-free;Send edge myself section speak prevent.;02954 Hector Way, Longberg, IN 06544;69035;Tiffanystad;Guam;53030976-2e29-4ffb-91b1-67c7dbc36c6e;PayPal;Cancelled;28,83;427,22;Ability only water drug.;4268;398,39;Cancelled;YYYY-47-DD 17:47:SS;Regular Course;2;cdm10822;0;Credit Card;mollie_wc_gateway_credit_card;2,796,624,625;2,280,101,614;5,165,230,112;;4.0;1094 DF
84;84;2023-2024;US;Montana;Perkins Ltd | CoderMinds;32526 Delgado Station Suite 771, South Zacharyborough, LA 46742;Danielle Baker;YYYY-58-DD 19:58:SS;USMo01-20240109-CC;Regular Course;City: Port Jeffrey | Address: 74034 Carly Fort, Michaelshire, IL 55602;;emilyjones@hotmail.com;001-566-985-2314;Cory Skinner;Meyer;Adult nurse;Phillips-Fitzpatrick;Word of mouth;STDID-85;Brendan Benton;6;2018-02-07;Brendan;male;Dutch;High School;Organization window after network tell defense would.;Vegetarian;One edge technology threat window for feeling.;9799 Antonio Squares, Garzachester, NM 40063;47248;Barnestown;Norfolk Island;5c40b3a4-c44a-4380-87a3-b17d25b92d17;Credit Card;Completed;25,77;382,84;Senior father car hundred.;38945;357,07;Completed;YYYY-58-DD 19:58:SS;Regular Course;3;cdm27531;0;iDEAL;mollie_wc_gateway_ideal;4,581,722,961;4,286,750,305;2,949,726,558;2012;4.0;1095 DG
85;85;2022-2023;NL;Maine;Jenkins PLC | CoderMinds;398 Washington Key, North Judith, VT 88975;Steven Perez;YYYY-53-DD 07:53:SS;NLMa01-20231108-CC;Bright Minds;City: Keithshire | Address: 637 Singh Prairie Apt. 107, Craigville, AR 08715;;christinerodriguez@hotmail.com;1-667-259-8882x096;Michelle Johnson;Martin;Teacher, special educational needs;Walker, Smith and Alvarez;Advertisement;STDID-86;Micheal Burns;8;2015-06-05;Micheal;male;French;Middle School;Question radio old week.;Vegetarian;Thank picture bill inside administration she run.;Unit 0030 Box 3512, DPO AE 66648;58163;Lindaburgh;French Guiana;df7011cb-724b-47a4-ba52-11af927a72cd;iDEAL;Cancelled;44,96;449,19;Dream state night mean.;68074;404,23;Cancelled;YYYY-53-DD 07:53:SS;Bright Minds;3;cdm16726;2;iDEAL;mollie_wc_gateway_ideal;1,228,286,665;1,058,713,172;1,695,734,927;;4.0;1096 DH
86;86;2021-2022;ES;Texas;Duncan, Lewis and Sanchez | CoderMinds;03968 Velez Crossing Suite 701, New Stacyburgh, ID 82921;Bobby Dixon;YYYY-29-DD 11:29:SS;ESTe01-20230906-CC;Bright Minds;City: South Samanthastad | Address: 329 Jennifer Expressway, Thompsonchester, MT 77384;;richardweaver@yahoo.com;(348)190-8539;Matthew Esparza;Williams;Designer, television/film set;Sharp Group;Word of mouth;STDID-87;Alicia Diaz;17;2006-03-23;Alicia;female;Dutch;Middle School;Adult inside color bad along.;Vegetarian;Only born present perhaps issue free service spring.;26994 Smith Creek, East Linda, TN 31619;83829;Port Teresa;Myanmar;d7809ae5-7a70-402d-ad7c-3a10f8102ddc;Credit Card;Completed;6,59;468,93;Home feel recent.;83543;462,34;Completed;YYYY-29-DD 11:29:SS;Bright Minds;3;cdm66717;0;PayPal;mollie_wc_gateway_paypal;1,396,387,704;1,282,354,452;1,140,332,522;;2.0;1097 DI
87;87;2021-2022;NL;Hawaii;Petty-Parsons | CoderMinds;PSC 9005, Box 6252, APO AE 67213;Paul Perez;YYYY-01-DD 20:01:SS;NLHa01-20230917-CC;Bright Minds;City: Port Andreaburgh | Address: Unit 3559 Box 4280, DPO AE 21095;;jamesdenise@acosta-hanna.com;024-887-4276x7129;Joseph Hunter;Thompson;Lecturer, further education;Clark-Hughes;Online;STDID-88;Christine Casey;9;2015-02-06;Christine;female;English;High School;Service might analysis.;Vegetarian;Single job success light.;119 Johnson Cliffs, Stevenfort, AR 52293;54594;Maryville;Cocos (Keeling) Islands;52d15a87-1bc0-411c-9e3e-d6e8ed2567ce;Bank Transfer;Cancelled;15,05;101,63;Imagine dark four step since at.;88657;86,58;Cancelled;YYYY-01-DD 20:01:SS;Bright Minds;2;cdm63233;0;iDEAL;mollie_wc_gateway_ideal;3,693,087,437;3,320,668,157;3,724,192,794;2016;2.0;1098 DJ
88;88;2022-2023;DE;Wyoming;Flores-Bryan | CoderMinds;56868 Wilson Court, East Michelleville, UT 27404;Angel Christian;YYYY-42-DD 07:42:SS;DEWy01-20240116-CC;Spring Break Coder-Camp 2024;City: Lake Sheryl | Address: USNS Gonzalez, FPO AA 26707;;omartinez@hotmail.com;001-396-926-6799x31600;Erin Hayes;Parker;Structural engineer;Williams-Levine;Advertisement;STDID-89;David Powell;18;2005-07-23;David;male;Dutch;Middle School;Research soon hot wish.;Gluten-free;Far identify trial attack soon assume out.;538 Young Fork Apt. 080, Melvinfurt, IL 55981;65324;New Robintown;Timor-Leste;b14a1c12-6c8a-486d-84a8-146f6b6d09d5;PayPal;Processing;20,54;167,64;Recent stay result big one series back.;72132;147,1;Processing;YYYY-42-DD 07:42:SS;Spring Break Coder-Camp 2024;4;cdm85665;1;PayPal;mollie_wc_gateway_paypal;1,588,710,722;1,309,174,716;2,795,360,067;2014-2016;2.0;1099 DK
89;89;2023-2024;US;Ohio;Brown, House and James | CoderMinds;301 Rivera Mountain, Karenshire, AR 53115;Todd Henderson;YYYY-42-DD 16:42:SS;USOh01-20231101-CC;Regular Course;City: New Jesse | Address: 07436 Cathy Centers Suite 554, Lake Patrick, NM 62620;;lsmith@gmail.com;487.981.6088x55740;Marcus Howell;Lester;Technical brewer;Holmes, Nguyen and Ferguson;Advertisement;STDID-90;Erik Wall;15;2008-05-03;Erik;male;German;Elementary School;Generation Mr position price season.;Vegetarian;Wind voice a billion the different left.;2703 Kimberly Street, New Shannon, VA 04015;71906;West Lorraine;Uzbekistan;8be7bb4a-533f-4288-8be4-9bae7e95b54e;Credit Card;Processing;13,31;182,13;Free eight should individual.;13517;168,82;Processing;YYYY-42-DD 16:42:SS;Regular Course;4;cdm60207;0;PayPal;mollie_wc_gateway_paypal;1,709,680,546;1,500,129,572;2,095,509,743;2017;1.0;1100 DL
90;90;2023-2024;US;New Hampshire;Rodriguez, Marshall and Collins | CoderMinds;25246 Harris Isle Apt. 897, North Kariport, AK 83335;Christopher Barton;YYYY-05-DD 05:05:SS;USNe01-20240219-CC;Bright Minds;City: Adamsbury | Address: 350 Rivera Flats, Robinsonborough, MI 74508;;damonwallace@ibarra.org;207-853-5305;Amanda Joyce;Harris;Engineer, manufacturing;Lopez Group;Online;STDID-91;Deborah Murphy;11;2013-03-05;Deborah;female;English;High School;News write possible economy serve year near.;Vegan;Fall rich account line for suddenly.;7365 Shannon Mountains, Port Williamhaven, VA 94162;7362;Port Gabriellebury;Syrian Arab Republic;7fcc74c3-4ebb-403b-a360-87ab8801ffca;iDEAL;Processing;39,13;447,76;Career think street be.;48371;408,63;Processing;YYYY-05-DD 05:05:SS;Bright Minds;5;cdm65071;2;Credit Card;mollie_wc_gateway_credit_card;1,333,758,579;1,212,815,415;1,209,431,639;2020;1.0;1101 DM
91;91;2022-2023;FR;Oklahoma;Lindsey Inc | CoderMinds;522 Samantha Stravenue, Port Nicole, CO 89051;Richard Smith;YYYY-36-DD 10:36:SS;FROk01-20230729-CC;Spring Break Coder-Camp 2024;City: Barryberg | Address: PSC 0255, Box 7747, APO AE 28518;;gonzalezjacob@wilson.com;6427215219;Kenneth Rice;Boyle;Animator;Hansen Inc;Online;STDID-92;Jennifer Thompson;10;2013-05-15;Jennifer;female;English;Elementary School;Interview determine cell.;Vegetarian;Condition site son let.;3839 Hailey Landing, Lake Stephanie, NH 22119;21409;Port Paul;Kazakhstan;397e4a28-a386-43e4-9aa6-e96a042829a2;PayPal;Cancelled;45,4;456,5;Certainly owner reason baby.;94717;411,1;Cancelled;YYYY-36-DD 10:36:SS;Spring Break Coder-Camp 2024;1;cdm25112;2;iDEAL;mollie_wc_gateway_ideal;2,720,652,207;2,372,864,809;3,477,873,974;2016;1.0;1102 DN
92;92;2022-2023;US;Pennsylvania;Marshall-Gay | CoderMinds;96282 Molly Drive Apt. 224, Lake Williamfort, NH 06903;Norma Paul;YYYY-18-DD 13:18:SS;USPe01-20230323-CC;Workshop;City: Oneillmouth | Address: 821 Lewis Trail, Montgomeryton, AL 70150;;dbarker@yahoo.com;929.167.887;Christian Ponce;Davis;Tourism officer;Boone-Huynh;Online;STDID-93;Stephanie Watkins;18;2005-08-06;Stephanie;female;German;Elementary School;Natural art program.;;Check security everybody card source choice red.;629 Heather Hill Suite 957, East Josephview, NY 90705;33992;Mitchellbury;Belarus;579d072d-9666-4430-aae5-a71c8ad8c488;PayPal;Processing;18,65;317,44;Yourself agent story know mother wall business suddenly.;66570;298,79;Processing;YYYY-18-DD 13:18:SS;Workshop;5;cdm23396;2;iDEAL;mollie_wc_gateway_ideal;4,438,605,565;4,195,260,394;2,433,451,706;2016;1.0;1103 DO
93;93;2023-2024;US;Indiana;Gross Ltd | CoderMinds;9929 David Extension Suite 053, Jasonmouth, AL 80696;Sabrina Jimenez;YYYY-50-DD 10:50:SS;USIn01-20231016-CC;Bright Minds;City: South Justinmouth | Address: 174 Hall Viaduct, North Lisa, WA 50732;;jonesandrea@douglas.com;412-016-8117x153;Lee Watson;Benitez;Product manager;Kelly Group;Advertisement;STDID-94;Christine Barber;12;2011-11-03;Christine;female;French;Middle School;Money car section almost foot tell.;Gluten-free;Their magazine type.;425 Jacob Fall Apt. 929, Phamside, HI 58194;14505;West Brandonland;Bermuda;30cbd62a-20ab-4153-9fe5-79ebc0ea9b16;iDEAL;Processing;27,6;471,35;Federal foreign do clearly five still own.;95109;443,75;Processing;YYYY-50-DD 10:50:SS;Bright Minds;1;cdm26644;2;Credit Card;mollie_wc_gateway_credit_card;264,804,539;2,407,358,372;2,406,870,174;;1.0;1104 DP
94;94;2023-2024;ES;Texas;Munoz LLC | CoderMinds;032 Webster Forges Suite 097, New Robert, IL 03284;Christopher Hernandez;YYYY-17-DD 10:17:SS;ESTe01-20231128-CC;Workshop;City: North Kenneth | Address: 4092 Lindsay Street Suite 840, Samanthaview, ND 92994;;yfoster@king-carter.com;(588)281-5906;Connie Walker;Miller;Research scientist (physical sciences);Bell Ltd;Online;STDID-95;Michelle Durham;6;2017-08-17;Michelle;female;French;Elementary School;Before population their book read.;Vegan;Keep full such important best operation.;USNS Green, FPO AA 37619;35916;Lake Megan;Saint Pierre and Miquelon;aa9f6372-775c-4e0c-81e2-d2ab42591041;PayPal;Cancelled;37,82;383,39;Name easy final better.;62602;345,57;Cancelled;YYYY-17-DD 10:17:SS;Workshop;5;cdm78432;2;PayPal;mollie_wc_gateway_paypal;4,796,105,619;4,688,275,956;107,829,663;2013-2015;1.0;1105 DQ
95;95;2023-2024;DE;Connecticut;Faulkner Inc | CoderMinds;29780 Golden Ridges Apt. 375, West Destinytown, MN 10088;Kelly Gonzales;YYYY-47-DD 22:47:SS;DECo01-20240203-CC;Bright Minds;City: West Wendy | Address: 96577 Casey Fords Apt. 949, Parkerfort, MO 92475;;richard79@griffin.com;959-826-9587x35312;Peter Moreno;Fletcher;Microbiologist;Aguirre-Bailey;Online;STDID-96;Matthew Montoya;6;2017-12-09;Matthew;male;English;Middle School;Foot your wind here capital especially.;Vegan;They his pretty each majority happen.;18631 Elizabeth Terrace, New Ryanborough, NM 71666;89660;Lake Michellechester;Saint Kitts and Nevis;8b934130-0927-4ae2-b877-e443796e6b99;PayPal;Completed;24,17;367,5;Fast third but once second.;2792;343,33;Completed;YYYY-47-DD 22:47:SS;Bright Minds;5;cdm32557;1;PayPal;mollie_wc_gateway_paypal;327,779,351;275,790,436;5,198,891,497;;1.0;1106 DR
96;96;2022-2023;FR;Pennsylvania;Cox Inc | CoderMinds;807 Davis Brooks Apt. 807, Lake Johnburgh, NJ 24775;David Hughes;YYYY-26-DD 03:26:SS;FRPe01-20231222-CC;Bright Minds;City: Bowenton | Address: 8056 Deborah Forge, Owensfort, ND 35188;;dunlapwendy@williams.com;406-813-5383x7497;Ashley Nichols;Johnson;Copywriter, advertising;Wilson, Buckley and Russo;Word of mouth;STDID-97;David Luna;15;2008-04-08;David;male;English;Middle School;Road prepare coach pretty treatment.;Vegetarian;Huge statement drug up begin.;3707 Nicholas Village, Lauraberg, AZ 23848;78953;Davismouth;Anguilla;ea84921a-943c-4017-ab15-3daf4ca49924;iDEAL;Cancelled;26,76;245,29;For south pretty pass low hear agree.;28806;218,53;Cancelled;YYYY-26-DD 03:26:SS;Bright Minds;5;cdm87270;2;Credit Card;mollie_wc_gateway_credit_card;1,564,872,987;1,330,801,772;2,340,712,156;2014;2.0;1107 DS
97;97;2021-2022;FR;Arizona;Wilson, Ibarra and Curry | CoderMinds;USS Pitts, FPO AA 51721;Sandra Morris;YYYY-30-DD 21:30:SS;FRAr01-20240311-CC;Workshop;City: New Jessica | Address: 72072 Davis Lane Suite 555, Travistown, MO 44376;;brandontaylor@yahoo.com;(842)453-1790;Joseph Gross;Burgess;Early years teacher;Miller, Curtis and Norris;Advertisement;STDID-98;Nicole Li;17;2006-10-18;Nicole;female;Spanish;Elementary School;Say listen clearly mean.;;About those show foot goal.;5082 Gamble Curve Suite 828, Saundersland, NY 46116;49234;East Jennifer;Slovakia (Slovak Republic);710ac943-17ab-45e9-9ec9-64ff4b8b6326;PayPal;Completed;27,85;447,19;Whose enjoy computer note war.;86556;419,34;Completed;YYYY-30-DD 21:30:SS;Workshop;1;cdm73300;2;PayPal;mollie_wc_gateway_paypal;4,508,986,997;4,004,980,362;504,006,635;2017-2019;3.0;1108 DT
98;98;2023-2024;FR;Kentucky;Alexander Ltd | CoderMinds;03241 Turner Glen Suite 911, Port Lawrenceton, ME 02868;Joshua Morgan;YYYY-19-DD 09:19:SS;FRKe01-20230812-CC;Regular Course;City: Ricefurt | Address: 53817 Kirk Square Apt. 620, Aliciashire, IA 07651;;weberdonna@gmail.com;525-106-9345x32586;Raymond Gross;Smith;Engineer, electrical;Williams LLC;Online;STDID-99;Michael Anthony;15;2008-04-30;Michael;male;Spanish;Elementary School;Me several sound responsibility.;Vegan;But class expert country notice present radio.;2874 Butler Manors Apt. 609, West Rachelshire, IN 60422;27040;West Amandatown;Saint Vincent and the Grenadines;b4b75dfc-ede2-48b2-8078-8083f48a5a7a;iDEAL;Processing;9,26;202,26;Particularly create imagine send plant visit idea.;56792;193;Processing;YYYY-19-DD 09:19:SS;Regular Course;4;cdm44491;2;PayPal;mollie_wc_gateway_paypal;2,138,317,509;1,746,738;3,915,795,088;2022;4.0;1109 DU
99;99;2023-2024;FR;Arizona;Walker-Davis | CoderMinds;641 Carmen Bridge Suite 724, New Michael, WA 42646;Jennifer Gonzales;YYYY-37-DD 10:37:SS;FRAr01-20230412-CC;Workshop;City: Port Lori | Address: 1127 Larry Crossroad Suite 370, Matthewtown, NE 89285;;sanchezsteven@watkins.com;5.103.733.901;Jennifer Wright;Collins;Engineer, civil (contracting);Beasley, Smith and Burgess;Word of mouth;STDID-100;Christina Cunningham;8;2015-03-15;Christina;female;French;High School;Raise agency picture bed should.;Gluten-free;Who agree full though.;669 Murillo Rest Apt. 421, Lynchhaven, NE 92727;82319;Davischester;British Virgin Islands;a6c85793-5130-41dd-ac1c-c75f13e9e7bd;PayPal;Completed;25,9;304,69;Hand challenge statement eat hot affect.;9707;278,79;Completed;YYYY-37-DD 10:37:SS;Workshop;4;cdm94439;1;PayPal;mollie_wc_gateway_paypal;248,059,183;2,318,003,057;1,625,887,725;;2.0;1110 DV